Workbook

Sheet Scores & Stats
B2: VAS | F2: TOM
B4: #VALUE! | C4: ULTIMATE CHAMPION TOTAL PTS | D4: =D6+D7 -> 231 | F4: #VALUE! | G4: ULTIMATE CHAMPION TOTAL PTS | H4: =H6+H7 -> 221
B6: #VALUE! | C6: PREDICTION LEAGUE TOTAL PTS | D6: =Predictions!S402 -> 195 | F6: #VALUE! | G6: PREDICTION LEAGUE TOTAL PTS | H6: =Predictions!T402 -> 198
B7: #VALUE! | C7: STAR MAN TOTAL PTS | D7: ='Star Man'!V52 -> 36 | F7: #VALUE! | G7: STAR MAN TOTAL PTS | H7: ='Star Man'!V55 -> 23
B9: #VALUE! | C9: TOTAL CORRECT SCORES | D9: =Predictions!D399 -> 23 | F9: #VALUE! | G9: TOTAL CORRECT SCORES | H9: =Predictions!E399 -> 24
B10: #VALUE! | C10: TOTAL CORRECT RESULTS | D10: =Predictions!F399 -> 149 | F10: #VALUE! | G10: TOTAL CORRECT RESULTS | H10: =Predictions!G399 -> 150
B11: #VALUE! | C11: TOTAL STAR MAN GOALS | D11: =SUM('Star Man'!D5:D42) -> 11 | F11: #VALUE! | G11: TOTAL STAR MAN GOALS | H11: =SUM('Star Man'!L5:L42) -> 7
B12: #VALUE! | C12: TOTAL STAR MAN ASSISTS | D12: =SUM('Star Man'!E5:E42) -> 6 | F12: #VALUE! | G12: TOTAL STAR MAN ASSISTS | H12: =SUM('Star Man'!M5:M42) -> 4
B13: #VALUE! | C13: TOTAL STAR MAN YELLOWS | D13: =SUM('Star Man'!F5:F42) -> 2 | F13: #VALUE! | G13: TOTAL STAR MAN YELLOWS | H13: =SUM('Star Man'!N5:N42) -> 2
B14: #VALUE! | C14: TOTAL STAR MAN REDS | D14: =SUM('Star Man'!G5:G42) -> 1 | F14: #VALUE! | G14: TOTAL STAR MAN REDS | H14: =SUM('Star Man'!O5:O42) -> 0

Sheet Predictions
B2: VAS PREDICTIONS | K2: TOM PREDICTIONS | T2: ACTUAL RESULTS | AC2: ABBY'S FUNSIES PREDICTIONS
B6: GW | C6: HOME TEAM | D6: SCORE PREDICTIONS | H6: AWAY TEAM | K6: GW | L6: HOME TEAM | M6: SCORE PREDICTIONS | Q6: AWAY TEAM | T6: GW | U6: HOME TEAM | V6: RESULTS | Z6: AWAY TEAM | AC6: GW | AD6: HOME TEAM | AE6: RESULTS | AI6: AWAY TEAM
B7: 1 | C7: Liverpool | D7: #VALUE! | E7: 3 | F7: 1 | G7: #VALUE! | H7: Bournemouth | K7: 1 | L7: Liverpool | M7: #VALUE! | N7: 3 | O7: 0 | P7: #VALUE! | Q7: Bournemouth | T7: 1 | U7: Liverpool | V7: #VALUE! | W7: 4 | X7: 2 | Y7: #VALUE! | Z7: Bournemouth | AC7: 1 | AD7: Liverpool | AE7: #VALUE! | AF7: 2 | AG7: 1 | AH7: #VALUE! | AI7: Bournemouth
B8: 1 | C8: Aston Villa | D8: #VALUE! | E8: 2 | F8: 1 | G8: #VALUE! | H8: Newcastle | K8: 1 | L8: Aston Villa | M8: #VALUE! | N8: 2 | O8: 1 | P8: #VALUE! | Q8: Newcastle | T8: 1 | U8: Aston Villa | V8: #VALUE! | W8: 0 | X8: 0 | Y8: #VALUE! | Z8: Newcastle | AC8: 1 | AD8: Aston Villa | AE8: #VALUE! | AF8: 0 | AG8: 1 | AH8: #VALUE! | AI8: Newcastle
B9: 1 | C9: Brighton | D9: #VALUE! | E9: 1 | F9: 1 | G9: #VALUE! | H9: Fulham | K9: 1 | L9: Brighton | M9: #VALUE! | N9: 2 | O9: 1 | P9: #VALUE! | Q9: Fulham | T9: 1 | U9: Brighton | V9: #VALUE! | W9: 1 | X9: 1 | Y9: #VALUE! | Z9: Fulham | AC9: 1 | AD9: Brighton | AE9: #VALUE! | AF9: 1 | AG9: 1 | AH9: #VALUE! | AI9: Fulham
B10: 1 | C10: Nottingham Forest | D10: #VALUE! | E10: 2 | F10: 1 | G10: #VALUE! | H10: Brentford | K10: 1 | L10: Nottingham Forest | M10: #VALUE! | N10: 1 | O10: 2 | P10: #VALUE! | Q10: Brentford | T10: 1 | U10: Nottingham Forest | V10: #VALUE! | W10: 3 | X10: 1 | Y10: #VALUE! | Z10: Brentford | AC10: 1 | AD10: Nottingham Forest | AE10: #VALUE! | AF10: 2 | AG10: 2 | AH10: #VALUE! | AI10: Brentford
B11: 1 | C11: Sunderland | D11: #VALUE! | E11: 1 | F11: 2 | G11: #VALUE! | H11: West Ham | K11: 1 | L11: Sunderland | M11: #VALUE! | N11: 0 | O11: 2 | P11: #VALUE! | Q11: West Ham | T11: 1 | U11: Sunderland | V11: #VALUE! | W11: 3 | X11: 0 | Y11: #VALUE! | Z11: West Ham | AC11: 1 | AD11: Sunderland | AE11: #VALUE! | AF11: 0 | AG11: 0 | AH11: #VALUE! | AI11: West Ham
B12: 1 | C12: Tottenham | D12: #VALUE! | E12: 2 | F12: 0 | G12: #VALUE! | H12: Burnley | K12: 1 | L12: Tottenham | M12: #VALUE! | N12: 3 | O12: 1 | P12: #VALUE! | Q12: Burnley | T12: 1 | U12: Tottenham | V12: #VALUE! | W12: 3 | X12: 0 | Y12: #VALUE! | Z12: Burnley | AC12: 1 | AD12: Tottenham | AE12: #VALUE! | AF12: 1 | AG12: 0 | AH12: #VALUE! | AI12: Burnley
B13: 1 | C13: Wolverhampton | D13: #VALUE! | E13: 0 | F13: 3 | G13: #VALUE! | H13: Manchester City | K13: 1 | L13: Wolverhampton | M13: #VALUE! | N13: 0 | O13: 3 | P13: #VALUE! | Q13: Manchester City | T13: 1 | U13: Wolverhampton | V13: #VALUE! | W13: 0 | X13: 4 | Y13: #VALUE! | Z13: Manchester City | AC13: 1 | AD13: Wolverhampton | AE13: #VALUE! | AF13: 3 | AG13: 2 | AH13: #VALUE! | AI13: Manchester City
B14: 1 | C14: Chelsea | D14: #VALUE! | E14: 4 | F14: 2 | G14: #VALUE! | H14: Crystal Palace | K14: 1 | L14: Chelsea | M14: #VALUE! | N14: 2 | O14: 1 | P14: #VALUE! | Q14: Crystal Palace | T14: 1 | U14: Chelsea | V14: #VALUE! | W14: 0 | X14: 0 | Y14: #VALUE! | Z14: Crystal Palace | AC14: 1 | AD14: Chelsea | AE14: #VALUE! | AF14: 2 | AG14: 1 | AH14: #VALUE! | AI14: Crystal Palace
B15: 1 | C15: Manchester United | D15: #VALUE! | E15: 2 | F15: 2 | G15: #VALUE! | H15: Arsenal | K15: 1 | L15: Manchester United | M15: #VALUE! | N15: 1 | O15: 1 | P15: #VALUE! | Q15: Arsenal | T15: 1 | U15: Manchester United | V15: #VALUE! | W15: 0 | X15: 1 | Y15: #VALUE! | Z15: Arsenal | AC15: 1 | AD15: Manchester United | AE15: #VALUE! | AF15: 4 | AG15: 0 | AH15: #VALUE! | AI15: Arsenal
B16: 1 | C16: Leeds | D16: #VALUE! | E16: 1 | F16: 2 | G16: #VALUE! | H16: Everton | K16: 1 | L16: Leeds | M16: #VALUE! | N16: 0 | O16: 2 | P16: #VALUE! | Q16: Everton | T16: 1 | U16: Leeds | V16: #VALUE! | W16: 1 | X16: 0 | Y16: #VALUE! | Z16: Everton | AC16: 1 | AD16: Leeds | AE16: #VALUE! | AF16: 3 | AG16: 2 | AH16: #VALUE! | AI16: Everton
B17: 2 | C17: Bournemouth | D17: #VALUE! | E17: 2 | F17: 0 | G17: #VALUE! | H17: Wolverhampton | K17: 2 | L17: Bournemouth | M17: #VALUE! | N17: 2 | O17: 0 | P17: #VALUE! | Q17: Wolverhampton | T17: 2 | U17: Bournemouth | V17: #VALUE! | W17: 1 | X17: 0 | Y17: #VALUE! | Z17: Wolverhampton | AC17: 2 | AD17: Bournemouth | AE17: #VALUE! | AF17: 1 | AG17: 2 | AH17: #VALUE! | AI17: Wolverhampton
B18: 2 | C18: Arsenal | D18: #VALUE! | E18: 3 | F18: 0 | G18: #VALUE! | H18: Leeds | K18: 2 | L18: Arsenal | M18: #VALUE! | N18: 2 | O18: 1 | P18: #VALUE! | Q18: Leeds | T18: 2 | U18: Arsenal | V18: #VALUE! | W18: 5 | X18: 0 | Y18: #VALUE! | Z18: Leeds | AC18: 2 | AD18: Arsenal | AE18: #VALUE! | AF18: 2 | AG18: 3 | AH18: #VALUE! | AI18: Leeds
... B312: 31 | C312: Leeds | D312: #VALUE! | E312: 1 | F312: 2 | G312: #VALUE! | H312: Brentford | K312: 31 | L312: Leeds | M312: #VALUE! | N312: 1 | O312: 1 | P312: #VALUE! | Q312: Brentford | T312: 31 | U312: Leeds | V312: #VALUE! | W312: 0 | X312: 0 | Y312: #VALUE! | Z312: Brentford | AC312: 31 | AD312: Leeds | AE312: #VALUE! | AF312: 1 | AG312: 0 | AH312: #VALUE! | AI312: Brentford
B313: 31 | C313: Manchester City | D313: #VALUE! | E313: 3 | F313: 0 | G313: #VALUE! | H313: Crystal Palace | K313: 31 | L313: Manchester City | M313: #VALUE! | P313: #VALUE! | Q313: Crystal Palace | T313: 31 | U313: Manchester City | V313: #VALUE! | W313: 0 | X313: 1 | Y313: #VALUE! | Z313: Crystal Palace | AC313: 31 | AD313: Manchester City | AE313: #VALUE! | AH313: #VALUE! | AI313: Crystal Palace
B314: 31 | C314: Newcastle | D314: #VALUE! | E314: 1 | F314: 1 | G314: #VALUE! | H314: Sunderland | K314: 31 | L314: Newcastle | M314: #VALUE! | N314: 2 | O314: 1 | P314: #VALUE! | Q314: Sunderland | T314: 31 | U314: Newcastle | V314: #VALUE! | W314: 1 | X314: 2 | Y314: #VALUE! | Z314: Sunderland | AC314: 31 | AD314: Newcastle | AE314: #VALUE! | AF314: 2 | AG314: 1 | AH314: #VALUE! | AI314: Sunderland
B315: 31 | C315: Tottenham | D315: #VALUE! | E315: 2 | F315: 1 | G315: #VALUE! | H315: Nottingham Forest | K315: 31 | L315: Tottenham | M315: #VALUE! | N315: 2 | O315: 2 | P315: #VALUE! | Q315: Nottingham Forest | T315: 31 | U315: Tottenham | V315: #VALUE! | W315: 0 | X315: 3 | Y315: #VALUE! | Z315: Nottingham Forest | AC315: 31 | AD315: Tottenham | AE315: #VALUE! | AF315: 1 | AG315: 2 | AH315: #VALUE! | AI315: Nottingham Forest
B316: 31 | C316: Wolverhampton | D316: #VALUE! | E316: 0 | F316: 4 | G316: #VALUE! | H316: Arsenal | K316: 31 | L316: Wolverhampton | M316: #VALUE! | N316: 0 | O316: 3 | P316: #VALUE! | Q316: Arsenal | T316: 31 | U316: Wolverhampton | V316: #VALUE! | W316: 2 | X316: 2 | Y316: #VALUE! | Z316: Arsenal | AC316: 31 | AD316: Wolverhampton | AE316: #VALUE! | AF316: 0 | AG316: 2 | AH316: #VALUE! | AI316: Arsenal
B317: 32 | C317: Arsenal | D317: #VALUE! | E317: 2 | F317: 0 | G317: #VALUE! | H317: Bournemouth | K317: 32 | L317: Arsenal | M317: #VALUE! | N317: 3 | O317: 0 | P317: #VALUE! | Q317: Bournemouth | T317: 32 | U317: Arsenal | V317: #VALUE! | W317: 1 | X317: 2 | Y317: #VALUE! | Z317: Bournemouth | AC317: 32 | AD317: Arsenal | AE317: #VALUE! | AF317: 2 | AG317: 1 | AH317: #VALUE! | AI317: Bournemouth
B318: 32 | C318: Brentford | D318: #VALUE! | E318: 3 | F318: 1 | G318: #VALUE! | H318: Everton | K318: 32 | L318: Brentford | M318: #VALUE! | N318: 2 | O318: 2 | P318: #VALUE! | Q318: Everton | T318: 32 | U318: Brentford | V318: #VALUE! | W318: 2 | X318: 2 | Y318: #VALUE! | Z318: Everton | AC318: 32 | AD318: Brentford | AE318: #VALUE! | AF318: 1 | AG318: 1 | AH318: #VALUE! | AI318: Everton
B319: 32 | C319: Burnley | D319: #VALUE! | E319: 0 | F319: 1 | G319: #VALUE! | H319: Brighton | K319: 32 | L319: Burnley | M319: #VALUE! | N319: 0 | O319: 2 | P319: #VALUE! | Q319: Brighton | T319: 32 | U319: Burnley | V319: #VALUE! | W319: 0 | X319: 2 | Y319: #VALUE! | Z319: Brighton | AC319: 32 | AD319: Burnley | AE319: #VALUE! | AF319: 1 | AG319: 1 | AH319: #VALUE! | AI319: Brighton
B320: 32 | C320: Chelsea | D320: #VALUE! | E320: 0 | F320: 3 | G320: #VALUE! | H320: Manchester City | K320: 32 | L320: Chelsea | M320: #VALUE! | N320: 1 | O320: 1 | P320: #VALUE! | Q320: Manchester City | T320: 32 | U320: Chelsea | V320: #VALUE! | W320: 0 | X320: 3 | Y320: #VALUE! | Z320: Manchester City | AC320: 32 | AD320: Chelsea | AE320: #VALUE! | AF320: 2 | AG320: 2 | AH320: #VALUE! | AI320: Manchester City
B321: 32 | C321: Crystal Palace | D321: #VALUE! | E321: 2 | F321: 2 | G321: #VALUE! | H321: Newcastle | K321: 32 | L321: Crystal Palace | M321: #VALUE! | N321: 1 | O321: 1 | P321: #VALUE! | Q321: Newcastle | T321: 32 | U321: Crystal Palace | V321: #VALUE! | W321: 2 | X321: 1 | Y321: #VALUE! | Z321: Newcastle | AC321: 32 | AD321: Crystal Palace | AE321: #VALUE! | AF321: 0 | AG321: 2 | AH321: #VALUE! | AI321: Newcastle
B322: 32 | C322: Liverpool | D322: #VALUE! | E322: 2 | F322: 1 | G322: #VALUE! | H322: Fulham | K322: 32 | L322: Liverpool | M322: #VALUE! | N322: 2 | O322: 1 | P322: #VALUE! | Q322: Fulham | T322: 32 | U322: Liverpool | V322: #VALUE! | W322: 2 | X322: 0 | Y322: #VALUE! | Z322: Fulham | AC322: 32 | AD322: Liverpool | AE322: #VALUE! | AF322: 0 | AG322: 0 | AH322: #VALUE! | AI322: Fulham
B323: 32 | C323: Manchester United | D323: #VALUE! | E323: 3 | F323: 1 | G323: #VALUE! | H323: Leeds | K323: 32 | L323: Manchester United | M323: #VALUE! | N323: 2 | O323: 1 | P323: #VALUE! | Q323: Leeds | T323: 32 | U323: Manchester United | V323: #VALUE! | W323: 1 | X323: 2 | Y323: #VALUE! | Z323: Leeds | AC323: 32 | AD323: Manchester United | AE323: #VALUE! | AF323: 1 | AG323: 1 | AH323: #VALUE! | AI323: Leeds
B324: 32 | C324: Nottingham Forest | D324: #VALUE! | E324: 0 | F324: 2 | G324: #VALUE! | H324: Aston Villa | K324: 32 | L324: Nottingham Forest | M324: #VALUE! | N324: 1 | O324: 2 | P324: #VALUE! | Q324: Aston Villa | T324: 32 | U324: Nottingham Forest | V324: #VALUE! | W324: 1 | X324: 1 | Y324: #VALUE! | Z324: Aston Villa | AC324: 32 | AD324: Nottingham Forest | AE324: #VALUE! | AF324: 2 | AG324: 2 | AH324: #VALUE! | AI324: Aston Villa
B325: 32 | C325: Sunderland | D325: #VALUE! | E325: 2 | F325: 1 | G325: #VALUE! | H325: Tottenham | K325: 32 | L325: Sunderland | M325: #VALUE! | N325: 2 | O325: 0 | P325: #VALUE! | Q325: Tottenham | T325: 32 | U325: Sunderland | V325: #VALUE! | W325: 1 | X325: 0 | Y325: #VALUE! | Z325: Tottenham | AC325: 32 | AD325: Sunderland | AE325: #VALUE! | AF325: 2 | AG325: 1 | AH325: #VALUE! | AI325: Tottenham
... B356: 35 | C356: Wolverhampton | D356: #VALUE! | E356: 0 | F356: 2 | G356: #VALUE! | H356: Sunderland | K356: 35 | L356: Wolverhampton | M356: #VALUE! | N356: 2 | O356: 3 | P356: #VALUE! | Q356: Sunderland | T356: 35 | U356: Wolverhampton | V356: #VALUE! | W356: 1 | X356: 1 | Y356: #VALUE! | Z356: Sunderland | AC356: 35 | AD356: Wolverhampton | AE356: #VALUE! | AF356: 0 | AG356: 0 | AH356: #VALUE! | AI356: Sunderland
B357: 36 | C357: Brighton | D357: #VALUE! | E357: 3 | F357: 0 | G357: #VALUE! | H357: Wolverhampton | K357: 36 | L357: Brighton | M357: #VALUE! | P357: #VALUE! | Q357: Wolverhampton | T357: 36 | U357: Brighton | V357: #VALUE! | Y357: #VALUE! | Z357: Wolverhampton | AC357: 36 | AD357: Brighton | AE357: #VALUE! | AH357: #VALUE! | AI357: Wolverhampton
B358: 36 | C358: Burnley | D358: #VALUE! | E358: 1 | F358: 3 | G358: #VALUE! | H358: Aston Villa | K358: 36 | L358: Burnley | M358: #VALUE! | P358: #VALUE! | Q358: Aston Villa | T358: 36 | U358: Burnley | V358: #VALUE! | Y358: #VALUE! | Z358: Aston Villa | AC358: 36 | AD358: Burnley | AE358: #VALUE! | AH358: #VALUE! | AI358: Aston Villa
B359: 36 | C359: Crystal Palace | D359: #VALUE! | E359: 1 | F359: 2 | G359: #VALUE! | H359: Everton | K359: 36 | L359: Crystal Palace | M359: #VALUE! | P359: #VALUE! | Q359: Everton | T359: 36 | U359: Crystal Palace | V359: #VALUE! | Y359: #VALUE! | Z359: Everton | AC359: 36 | AD359: Crystal Palace | AE359: #VALUE! | AH359: #VALUE! | AI359: Everton
B360: 36 | C360: Fulham | D360: #VALUE! | E360: 1 | F360: 1 | G360: #VALUE! | H360: Bournemouth | K360: 36 | L360: Fulham | M360: #VALUE! | P360: #VALUE! | Q360: Bournemouth | T360: 36 | U360: Fulham | V360: #VALUE! | Y360: #VALUE! | Z360: Bournemouth | AC360: 36 | AD360: Fulham | AE360: #VALUE! | AH360: #VALUE! | AI360: Bournemouth
B361: 36 | C361: Liverpool | D361: #VALUE! | E361: 3 | F361: 1 | G361: #VALUE! | H361: Chelsea | K361: 36 | L361: Liverpool | M361: #VALUE! | P361: #VALUE! | Q361: Chelsea | T361: 36 | U361: Liverpool | V361: #VALUE! | Y361: #VALUE! | Z361: Chelsea | AC361: 36 | AD361: Liverpool | AE361: #VALUE! | AH361: #VALUE! | AI361: Chelsea
B362: 36 | C362: Manchester City | D362: #VALUE! | E362: 3 | F362: 1 | G362: #VALUE! | H362: Brentford | K362: 36 | L362: Manchester City | M362: #VALUE! | P362: #VALUE! | Q362: Brentford | T362: 36 | U362: Manchester City | V362: #VALUE! | Y362: #VALUE! | Z362: Brentford | AC362: 36 | AD362: Manchester City | AE362: #VALUE! | AH362: #VALUE! | AI362: Brentford
B363: 36 | C363: Nottingham Forest | D363: #VALUE! | E363: 1 | F363: 1 | G363: #VALUE! | H363: Newcastle | K363: 36 | L363: Nottingham Forest | M363: #VALUE! | P363: #VALUE! | Q363: Newcastle | T363: 36 | U363: Nottingham Forest | V363: #VALUE! | Y363: #VALUE! | Z363: Newcastle | AC363: 36 | AD363: Nottingham Forest | AE363: #VALUE! | AH363: #VALUE! | AI363: Newcastle
B364: 36 | C364: Sunderland | D364: #VALUE! | E364: 0 | F364: 2 | G364: #VALUE! | H364: Manchester United | K364: 36 | L364: Sunderland | M364: #VALUE! | P364: #VALUE! | Q364: Manchester United | T364: 36 | U364: Sunderland | V364: #VALUE! | Y364: #VALUE! | Z364: Manchester United | AC364: 36 | AD364: Sunderland | AE364: #VALUE! | AH364: #VALUE! | AI364: Manchester United
B365: 36 | C365: Tottenham | D365: #VALUE! | E365: 1 | F365: 1 | G365: #VALUE! | H365: Leeds | K365: 36 | L365: Tottenham | M365: #VALUE! | P365: #VALUE! | Q365: Leeds | T365: 36 | U365: Tottenham | V365: #VALUE! | Y365: #VALUE! | Z365: Leeds | AC365: 36 | AD365: Tottenham | AE365: #VALUE! | AH365: #VALUE! | AI365: Leeds
B366: 36 | C366: West Ham | D366: #VALUE! | E366: 1 | F366: 2 | G366: #VALUE! | H366: Arsenal | K366: 36 | L366: West Ham | M366: #VALUE! | P366: #VALUE! | Q366: Arsenal | T366: 36 | U366: West Ham | V366: #VALUE! | Y366: #VALUE! | Z366: Arsenal | AC366: 36 | AD366: West Ham | AE366: #VALUE! | AH366: #VALUE! | AI366: Arsenal
B367: 37 | C367: Bournemouth | D367: #VALUE! | G367: #VALUE! | H367: Manchester City | K367: 37 | L367: Bournemouth | M367: #VALUE! | P367: #VALUE! | Q367: Manchester City | T367: 37 | U367: Bournemouth | V367: #VALUE! | Y367: #VALUE! | Z367: Manchester City | AC367: 37 | AD367: Bournemouth | AE367: #VALUE! | AH367: #VALUE! | AI367: Manchester City
B368: 37 | C368: Arsenal | D368: #VALUE! | G368: #VALUE! | H368: Burnley | K368: 37 | L368: Arsenal | M368: #VALUE! | P368: #VALUE! | Q368: Burnley | T368: 37 | U368: Arsenal | V368: #VALUE! | Y368: #VALUE! | Z368: Burnley | AC368: 37 | AD368: Arsenal | AE368: #VALUE! | AH368: #VALUE! | AI368: Burnley
B369: 37 | C369: Aston Villa | D369: #VALUE! | G369: #VALUE! | H369: Liverpool | K369: 37 | L369: Aston Villa | M369: #VALUE! | P369: #VALUE! | Q369: Liverpool | T369: 37 | U369: Aston Villa | V369: #VALUE! | Y369: #VALUE! | Z369: Liverpool | AC369: 37 | AD369: Aston Villa | AE369: #VALUE! | AH369: #VALUE! | AI369: Liverpool
B370: 37 | C370: Brentford | D370: #VALUE! | G370: #VALUE! | H370: Crystal Palace | K370: 37 | L370: Brentford | M370: #VALUE! | P370: #VALUE! | Q370: Crystal Palace | T370: 37 | U370: Brentford | V370: #VALUE! | Y370: #VALUE! | Z370: Crystal Palace | AC370: 37 | AD370: Brentford | AE370: #VALUE! | AH370: #VALUE! | AI370: Crystal Palace
B371: 37 | C371: Chelsea | D371: #VALUE! | G371: #VALUE! | H371: Tottenham | K371: 37 | L371: Chelsea | M371: #VALUE! | P371: #VALUE! | Q371: Tottenham | T371: 37 | U371: Chelsea | V371: #VALUE! | Y371: #VALUE! | Z371: Tottenham | AC371: 37 | AD371: Chelsea | AE371: #VALUE! | AH371: #VALUE! | AI371: Tottenham
B372: 37 | C372: Everton | D372: #VALUE! | G372: #VALUE! | H372: Sunderland | K372: 37 | L372: Everton | M372: #VALUE! | P372: #VALUE! | Q372: Sunderland | T372: 37 | U372: Everton | V372: #VALUE! | Y372: #VALUE! | Z372: Sunderland | AC372: 37 | AD372: Everton | AE372: #VALUE! | AH372: #VALUE! | AI372: Sunderland
B373: 37 | C373: Leeds | D373: #VALUE! | G373: #VALUE! | H373: Brighton | K373: 37 | L373: Leeds | M373: #VALUE! | P373: #VALUE! | Q373: Brighton | T373: 37 | U373: Leeds | V373: #VALUE! | Y373: #VALUE! | Z373: Brighton | AC373: 37 | AD373: Leeds | AE373: #VALUE! | AH373: #VALUE! | AI373: Brighton
B374: 37 | C374: Manchester United | D374: #VALUE! | G374: #VALUE! | H374: Nottingham Forest | K374: 37 | L374: Manchester United | M374: #VALUE! | P374: #VALUE! | Q374: Nottingham Forest | T374: 37 | U374: Manchester United | V374: #VALUE! | Y374: #VALUE! | Z374: Nottingham Forest | AC374: 37 | AD374: Manchester United | AE374: #VALUE! | AH374: #VALUE! | AI374: Nottingham Forest
B375: 37 | C375: Newcastle | D375: #VALUE! | G375: #VALUE! | H375: West Ham | K375: 37 | L375: Newcastle | M375: #VALUE! | P375: #VALUE! | Q375: West Ham | T375: 37 | U375: Newcastle | V375: #VALUE! | Y375: #VALUE! | Z375: West Ham | AC375: 37 | AD375: Newcastle | AE375: #VALUE! | AH375: #VALUE! | AI375: West Ham
B376: 37 | C376: Wolverhampton | D376: #VALUE! | G376: #VALUE! | H376: Fulham | K376: 37 | L376: Wolverhampton | M376: #VALUE! | P376: #VALUE! | Q376: Fulham | T376: 37 | U376: Wolverhampton | V376: #VALUE! | Y376: #VALUE! | Z376: Fulham | AC376: 37 | AD376: Wolverhampton | AE376: #VALUE! | AH376: #VALUE! | AI376: Fulham
B377: 38 | C377: Brighton | D377: #VALUE! | G377: #VALUE! | H377: Manchester United | K377: 38 | L377: Brighton | M377: #VALUE! | P377: #VALUE! | Q377: Manchester United | T377: 38 | U377: Brighton | V377: #VALUE! | Y377: #VALUE! | Z377: Manchester United | AC377: 38 | AD377: Brighton | AE377: #VALUE! | AH377: #VALUE! | AI377: Manchester United
B378: 38 | C378: Burnley | D378: #VALUE! | G378: #VALUE! | H378: Wolverhampton | K378: 38 | L378: Burnley | M378: #VALUE! | P378: #VALUE! | Q378: Wolverhampton | T378: 38 | U378: Burnley | V378: #VALUE! | Y378: #VALUE! | Z378: Wolverhampton | AC378: 38 | AD378: Burnley | AE378: #VALUE! | AH378: #VALUE! | AI378: Wolverhampton
... B386: 38 | C386: West Ham | D386: #VALUE! | G386: #VALUE! | H386: Leeds | K386: 38 | L386: West Ham | M386: #VALUE! | P386: #VALUE! | Q386: Leeds | T386: 38 | U386: West Ham | V386: #VALUE! | Y386: #VALUE! | Z386: Leeds | AC386: 38 | AD386: West Ham | AE386: #VALUE! | AH386: #VALUE! | AI386: Leeds
D398: VCS | E398: TCS | F398: VTCR | G398: TTCR | H398: GAMEWEEK | I398: Vas CS? | J398: Tom CS? | K398: vcr | L398: tcr | M398: ACS? | N398: acr | Q398: KEY | S398: VTPNCS | T398: TTPNCS | U398: ATPNCS
D399: =COUNTIF(I399:I778, "Correct") -> 23 | E399: =COUNTIF(J399:J778, "Correct") -> 24 | F399: =SUM(K399:K778) -> 149 | G399: =SUM(L399:L778) -> 150 | H399: GW1 M1 | I399: =IF(AND(E7<>"",F7<>"",Predictions!W7<>"",Predictions!X7<>"",E7=Predictions!W7,F7=Predictions!X7),"Correct","Incorrect") -> Incorrect | J399: =IF(AND(N7<>"",O7<>"",Predictions!W7<>"",Predictions!X7<>"",N7=Predictions!W7,O7=Predictions!X7),"Correct","Incorrect") -> Incorrect | K399: =IF(AND(E7<>"",F7<>"",Predictions!W7<>"",Predictions!X7<>""), IF(SIGN(E7-F7)=SIGN(Predictions!W7-Predictions!X7), 1, 0), 0) -> 1 | L399: =IF(AND(N7<>"",O7<>"",Predictions!W7<>"",Predictions!X7<>""), IF(SIGN(N7-O7)=SIGN(Predictions!W7-Predictions!X7), 1, 0), 0) -> 1 | M399: =IF(AND(AF7<>"",AG7<>"",Predictions!W7<>"",Predictions!X7<>"",AF7=Predictions!W7,AG7=Predictions!X7),"Correct","Incorrect") -> Incorrect | N399: =IF(AND(AF7<>"",AG7<>"",Predictions!W7<>"",Predictions!X7<>""), IF(SIGN(AF7-AG7)=SIGN(Predictions!W7-Predictions!X7), 1, 0), 0) -> 1 | Q399: CS = "Correct Score" | S399: =SUM(K399:K778)-D399 -> 126 | T399: =SUM(L399:L778)-E399 -> 126 | U399: =SUM(N399:N778)-D402 -> 95
H400: GW1 M2 | I400: =IF(AND(E8<>"",F8<>"",Predictions!W8<>"",Predictions!X8<>"",E8=Predictions!W8,F8=Predictions!X8),"Correct","Incorrect") -> Incorrect | J400: =IF(AND(N8<>"",O8<>"",Predictions!W8<>"",Predictions!X8<>"",N8=Predictions!W8,O8=Predictions!X8),"Correct","Incorrect") -> Incorrect | K400: =IF(AND(E8<>"",F8<>"",Predictions!W8<>"",Predictions!X8<>""), IF(SIGN(E8-F8)=SIGN(Predictions!W8-Predictions!X8), 1, 0), 0) -> 0 | L400: =IF(AND(N8<>"",O8<>"",Predictions!W8<>"",Predictions!X8<>""), IF(SIGN(N8-O8)=SIGN(Predictions!W8-Predictions!X8), 1, 0), 0) -> 0 | M400: =IF(AND(AF8<>"",AG8<>"",Predictions!W8<>"",Predictions!X8<>"",AF8=Predictions!W8,AG8=Predictions!X8),"Correct","Incorrect") -> Incorrect | N400: =IF(AND(AF8<>"",AG8<>"",Predictions!W8<>"",Predictions!X8<>""), IF(SIGN(AF8-AG8)=SIGN(Predictions!W8-Predictions!X8), 1, 0), 0) -> 0 | Q400: vcr = "Vas Correct Result"
D401: ACS | E401: ATCR | H401: GW1 M3 | I401: =IF(AND(E9<>"",F9<>"",Predictions!W9<>"",Predictions!X9<>"",E9=Predictions!W9,F9=Predictions!X9),"Correct","Incorrect") -> Correct | J401: =IF(AND(N9<>"",O9<>"",Predictions!W9<>"",Predictions!X9<>"",N9=Predictions!W9,O9=Predictions!X9),"Correct","Incorrect") -> Incorrect | K401: =IF(AND(E9<>"",F9<>"",Predictions!W9<>"",Predictions!X9<>""), IF(SIGN(E9-F9)=SIGN(Predictions!W9-Predictions!X9), 1, 0), 0) -> 1 | L401: =IF(AND(N9<>"",O9<>"",Predictions!W9<>"",Predictions!X9<>""), IF(SIGN(N9-O9)=SIGN(Predictions!W9-Predictions!X9), 1, 0), 0) -> 0 | M401: =IF(AND(AF9<>"",AG9<>"",Predictions!W9<>"",Predictions!X9<>"",AF9=Predictions!W9,AG9=Predictions!X9),"Correct","Incorrect") -> Correct | N401: =IF(AND(AF9<>"",AG9<>"",Predictions!W9<>"",Predictions!X9<>""), IF(SIGN(AF9-AG9)=SIGN(Predictions!W9-Predictions!X9), 1, 0), 0) -> 1 | Q401: tcr = "Tom Correct Result" | S401: VTPFP | T401: TTPFP | U401: ATPNCS
D402: =COUNTIF(M399:M778, "Correct") -> 30 | E402: =SUM(N399:N778) -> 125 | H402: GW1 M4 | I402: =IF(AND(E10<>"",F10<>"",Predictions!W10<>"",Predictions!X10<>"",E10=Predictions!W10,F10=Predictions!X10),"Correct","Incorrect") -> Incorrect | J402: =IF(AND(N10<>"",O10<>"",Predictions!W10<>"",Predictions!X10<>"",N10=Predictions!W10,O10=Predictions!X10),"Correct","Incorrect") -> Incorrect | K402: =IF(AND(E10<>"",F10<>"",Predictions!W10<>"",Predictions!X10<>""), IF(SIGN(E10-F10)=SIGN(Predictions!W10-Predictions!X10), 1, 0), 0) -> 1 | L402: =IF(AND(N10<>"",O10<>"",Predictions!W10<>"",Predictions!X10<>""), IF(SIGN(N10-O10)=SIGN(Predictions!W10-Predictions!X10), 1, 0), 0) -> 0 | M402: =IF(AND(AF10<>"",AG10<>"",Predictions!W10<>"",Predictions!X10<>"",AF10=Predictions!W10,AG10=Predictions!X10),"Correct","Incorrect") -> Incorrect | N402: =IF(AND(AF10<>"",AG10<>"",Predictions!W10<>"",Predictions!X10<>""), IF(SIGN(AF10-AG10)=SIGN(Predictions!W10-Predictions!X10), 1, 0), 0) -> 0 | Q402: GW = "Gameweek" | S402: =S399+(D399*3) -> 195 | T402: =T399+(E399*3) -> 198 | U402: =U399+(D402*3) -> 185
H403: GW1 M5 | I403: =IF(AND(E11<>"",F11<>"",Predictions!W11<>"",Predictions!X11<>"",E11=Predictions!W11,F11=Predictions!X11),"Correct","Incorrect") -> Incorrect | J403: =IF(AND(N11<>"",O11<>"",Predictions!W11<>"",Predictions!X11<>"",N11=Predictions!W11,O11=Predictions!X11),"Correct","Incorrect") -> Incorrect | K403: =IF(AND(E11<>"",F11<>"",Predictions!W11<>"",Predictions!X11<>""), IF(SIGN(E11-F11)=SIGN(Predictions!W11-Predictions!X11), 1, 0), 0) -> 0 | L403: =IF(AND(N11<>"",O11<>"",Predictions!W11<>"",Predictions!X11<>""), IF(SIGN(N11-O11)=SIGN(Predictions!W11-Predictions!X11), 1, 0), 0) -> 0 | M403: =IF(AND(AF11<>"",AG11<>"",Predictions!W11<>"",Predictions!X11<>"",AF11=Predictions!W11,AG11=Predictions!X11),"Correct","Incorrect") -> Incorrect | N403: =IF(AND(AF11<>"",AG11<>"",Predictions!W11<>"",Predictions!X11<>""), IF(SIGN(AF11-AG11)=SIGN(Predictions!W11-Predictions!X11), 1, 0), 0) -> 0 | Q403: M = "Match"
H404: GW1 M6 | I404: =IF(AND(E12<>"",F12<>"",Predictions!W12<>"",Predictions!X12<>"",E12=Predictions!W12,F12=Predictions!X12),"Correct","Incorrect") -> Incorrect | J404: =IF(AND(N12<>"",O12<>"",Predictions!W12<>"",Predictions!X12<>"",N12=Predictions!W12,O12=Predictions!X12),"Correct","Incorrect") -> Incorrect | K404: =IF(AND(E12<>"",F12<>"",Predictions!W12<>"",Predictions!X12<>""), IF(SIGN(E12-F12)=SIGN(Predictions!W12-Predictions!X12), 1, 0), 0) -> 1 | L404: =IF(AND(N12<>"",O12<>"",Predictions!W12<>"",Predictions!X12<>""), IF(SIGN(N12-O12)=SIGN(Predictions!W12-Predictions!X12), 1, 0), 0) -> 1 | M404: =IF(AND(AF12<>"",AG12<>"",Predictions!W12<>"",Predictions!X12<>"",AF12=Predictions!W12,AG12=Predictions!X12),"Correct","Incorrect") -> Incorrect | N404: =IF(AND(AF12<>"",AG12<>"",Predictions!W12<>"",Predictions!X12<>""), IF(SIGN(AF12-AG12)=SIGN(Predictions!W12-Predictions!X12), 1, 0), 0) -> 1 | Q404: V = "Vas"
H405: GW1 M7 | I405: =IF(AND(E13<>"",F13<>"",Predictions!W13<>"",Predictions!X13<>"",E13=Predictions!W13,F13=Predictions!X13),"Correct","Incorrect") -> Incorrect | J405: =IF(AND(N13<>"",O13<>"",Predictions!W13<>"",Predictions!X13<>"",N13=Predictions!W13,O13=Predictions!X13),"Correct","Incorrect") -> Incorrect | K405: =IF(AND(E13<>"",F13<>"",Predictions!W13<>"",Predictions!X13<>""), IF(SIGN(E13-F13)=SIGN(Predictions!W13-Predictions!X13), 1, 0), 0) -> 1 | L405: =IF(AND(N13<>"",O13<>"",Predictions!W13<>"",Predictions!X13<>""), IF(SIGN(N13-O13)=SIGN(Predictions!W13-Predictions!X13), 1, 0), 0) -> 1 | M405: =IF(AND(AF13<>"",AG13<>"",Predictions!W13<>"",Predictions!X13<>"",AF13=Predictions!W13,AG13=Predictions!X13),"Correct","Incorrect") -> Incorrect | N405: =IF(AND(AF13<>"",AG13<>"",Predictions!W13<>"",Predictions!X13<>""), IF(SIGN(AF13-AG13)=SIGN(Predictions!W13-Predictions!X13), 1, 0), 0) -> 0 | Q405: T = "Tom" | AC405: LSP | AD405: LSP
H406: GW1 M8 | I406: =IF(AND(E14<>"",F14<>"",Predictions!W14<>"",Predictions!X14<>"",E14=Predictions!W14,F14=Predictions!X14),"Correct","Incorrect") -> Incorrect | J406: =IF(AND(N14<>"",O14<>"",Predictions!W14<>"",Predictions!X14<>"",N14=Predictions!W14,O14=Predictions!X14),"Correct","Incorrect") -> Incorrect | K406: =IF(AND(E14<>"",F14<>"",Predictions!W14<>"",Predictions!X14<>""), IF(SIGN(E14-F14)=SIGN(Predictions!W14-Predictions!X14), 1, 0), 0) -> 0 | L406: =IF(AND(N14<>"",O14<>"",Predictions!W14<>"",Predictions!X14<>""), IF(SIGN(N14-O14)=SIGN(Predictions!W14-Predictions!X14), 1, 0), 0) -> 0 | M406: =IF(AND(AF14<>"",AG14<>"",Predictions!W14<>"",Predictions!X14<>"",AF14=Predictions!W14,AG14=Predictions!X14),"Correct","Incorrect") -> Incorrect | N406: =IF(AND(AF14<>"",AG14<>"",Predictions!W14<>"",Predictions!X14<>""), IF(SIGN(AF14-AG14)=SIGN(Predictions!W14-Predictions!X14), 1, 0), 0) -> 0 | Q406: VTPNCS = "Vas Total | R406: gw | S406: vcrpts | T406: tcrpts | U406: vcspts | V406: tcspts | W406: vgwp | X406: tgwp | Y406: vrt | Z406: trt | AA406: gwcomp? | AB406: Gameweek | AC406: Vas | AD406: Tom | AE406: vgwp | AF406: tgwp | AH406: VPLPPGW | AI406: TPLPPGW
H407: GW1 M9 | I407: =IF(AND(E15<>"",F15<>"",Predictions!W15<>"",Predictions!X15<>"",E15=Predictions!W15,F15=Predictions!X15),"Correct","Incorrect") -> Incorrect | J407: =IF(AND(N15<>"",O15<>"",Predictions!W15<>"",Predictions!X15<>"",N15=Predictions!W15,O15=Predictions!X15),"Correct","Incorrect") -> Incorrect | K407: =IF(AND(E15<>"",F15<>"",Predictions!W15<>"",Predictions!X15<>""), IF(SIGN(E15-F15)=SIGN(Predictions!W15-Predictions!X15), 1, 0), 0) -> 0 | L407: =IF(AND(N15<>"",O15<>"",Predictions!W15<>"",Predictions!X15<>""), IF(SIGN(N15-O15)=SIGN(Predictions!W15-Predictions!X15), 1, 0), 0) -> 0 | M407: =IF(AND(AF15<>"",AG15<>"",Predictions!W15<>"",Predictions!X15<>"",AF15=Predictions!W15,AG15=Predictions!X15),"Correct","Incorrect") -> Incorrect | N407: =IF(AND(AF15<>"",AG15<>"",Predictions!W15<>"",Predictions!X15<>""), IF(SIGN(AF15-AG15)=SIGN(Predictions!W15-Predictions!X15), 1, 0), 0) -> 0 | Q407: Points No Correct Score" | R407: 1 | S407: =SUM(K399:K408) -> 5 | T407: =SUM(L399:L408) -> 3 | U407: =COUNTIF(I399:I408, "Correct") * 2 -> 2 | V407: =COUNTIF(J399:J408, "Correct") * 2 -> 0 | W407: =SUM(S407+U407+'Star Man'!H5) -> 11 | X407: =SUM(T407+V407+'Star Man'!P5) -> 9 | Y407: =W407 -> 11 | Z407: =X407 -> 9 | AA407: =IF(COUNTA(W7:X16)=ROWS(W7:X16)*COLUMNS(W7:X16), 1, "") -> 1 | AB407: GW1 | AC407: =IF(ISNA(AE407), NA(), SUM($AE$407:AE407)) -> 11 | AD407: =IF(ISNA(AF407), NA(), SUM($AF$407:AF407)) -> 9 | AE407: =IF(AA407=1, Y407 - IF(ROW()=407, 0, Y406), NA()) -> 11 | AF407: =IF(AA407=1, Z407 - IF(ROW()=407, 0, Z406), NA()) -> 9 | AH407: =S407+U407 -> 7 | AI407: =T407+V407 -> 3
H408: GW1 M10 | I408: =IF(AND(E16<>"",F16<>"",Predictions!W16<>"",Predictions!X16<>"",E16=Predictions!W16,F16=Predictions!X16),"Correct","Incorrect") -> Incorrect | J408: =IF(AND(N16<>"",O16<>"",Predictions!W16<>"",Predictions!X16<>"",N16=Predictions!W16,O16=Predictions!X16),"Correct","Incorrect") -> Incorrect | K408: =IF(AND(E16<>"",F16<>"",Predictions!W16<>"",Predictions!X16<>""), IF(SIGN(E16-F16)=SIGN(Predictions!W16-Predictions!X16), 1, 0), 0) -> 0 | L408: =IF(AND(N16<>"",O16<>"",Predictions!W16<>"",Predictions!X16<>""), IF(SIGN(N16-O16)=SIGN(Predictions!W16-Predictions!X16), 1, 0), 0) -> 0 | M408: =IF(AND(AF16<>"",AG16<>"",Predictions!W16<>"",Predictions!X16<>"",AF16=Predictions!W16,AG16=Predictions!X16),"Correct","Incorrect") -> Incorrect | N408: =IF(AND(AF16<>"",AG16<>"",Predictions!W16<>"",Predictions!X16<>""), IF(SIGN(AF16-AG16)=SIGN(Predictions!W16-Predictions!X16), 1, 0), 0) -> 1 | Q408: TTPNCS = "Tom Total | R408: 2 | S408: =SUM(K409:K418) -> 4 | T408: =SUM(L409:L418) -> 4 | U408: =COUNTIF(I409:I418, "Correct") * 2 -> 0 | V408: =COUNTIF(J409:J418, "Correct") * 2 -> 0 | W408: =SUM(S408+U408+'Star Man'!H6) -> 4 | X408: =SUM(T408+V408+'Star Man'!P6) -> 5 | Y408: =W408+Y407 -> 15 | Z408: =X408+Z407 -> 14 | AA408: =IF(COUNTA(W17:X26)=ROWS(W17:X26)*COLUMNS(W17:X26), 1, "") -> 1 | AB408: GW2 | AC408: =IF(ISNA(AE408), NA(), SUM($AE$407:AE408)) -> 15 | AD408: =IF(ISNA(AF408), NA(), SUM($AF$407:AF408)) -> 14 | AE408: =IF(AA408=1, Y408 - IF(ROW()=407, 0, Y407), NA()) -> 4 | AF408: =IF(AA408=1, Z408 - IF(ROW()=407, 0, Z407), NA()) -> 5 | AH408: =S408+U408 -> 4 | AI408: =T408+V408 -> 4
H409: GW2 M1 | I409: =IF(AND(E17<>"",F17<>"",Predictions!W17<>"",Predictions!X17<>"",E17=Predictions!W17,F17=Predictions!X17),"Correct","Incorrect") -> Incorrect | J409: =IF(AND(N17<>"",O17<>"",Predictions!W17<>"",Predictions!X17<>"",N17=Predictions!W17,O17=Predictions!X17),"Correct","Incorrect") -> Incorrect | K409: =IF(AND(E17<>"",F17<>"",Predictions!W17<>"",Predictions!X17<>""), IF(SIGN(E17-F17)=SIGN(Predictions!W17-Predictions!X17), 1, 0), 0) -> 1 | L409: =IF(AND(N17<>"",O17<>"",Predictions!W17<>"",Predictions!X17<>""), IF(SIGN(N17-O17)=SIGN(Predictions!W17-Predictions!X17), 1, 0), 0) -> 1 | M409: =IF(AND(AF17<>"",AG17<>"",Predictions!W17<>"",Predictions!X17<>"",AF17=Predictions!W17,AG17=Predictions!X17),"Correct","Incorrect") -> Incorrect | N409: =IF(AND(AF17<>"",AG17<>"",Predictions!W17<>"",Predictions!X17<>""), IF(SIGN(AF17-AG17)=SIGN(Predictions!W17-Predictions!X17), 1, 0), 0) -> 0 | Q409: Points No Correct Score" | R409: 3 | S409: =SUM(K419:K428) -> 4 | T409: =SUM(L419:L428) -> 3 | U409: =COUNTIF(I419:I428, "Correct") * 2 -> 0 | V409: =COUNTIF(J419:J428, "Correct") * 2 -> 0 | W409: =SUM(S409+U409+'Star Man'!H7) -> 4 | X409: =SUM(T409+V409+'Star Man'!P7) -> 6 | Y409: =W409+Y408 -> 19 | Z409: =X409+Z408 -> 20 | AA409: =IF(COUNTA(W27:X36)=ROWS(W27:X36)*COLUMNS(W27:X36), 1, "") -> 1 | AB409: GW3 | AC409: =IF(ISNA(AE409), NA(), SUM($AE$407:AE409)) -> 19 | AD409: =IF(ISNA(AF409), NA(), SUM($AF$407:AF409)) -> 20 | AE409: =IF(AA409=1, Y409 - IF(ROW()=407, 0, Y408), NA()) -> 4 | AF409: =IF(AA409=1, Z409 - IF(ROW()=407, 0, Z408), NA()) -> 6 | AH409: =S409+U409 -> 4 | AI409: =T409+V409 -> 3
H410: GW2 M2 | I410: =IF(AND(E18<>"",F18<>"",Predictions!W18<>"",Predictions!X18<>"",E18=Predictions!W18,F18=Predictions!X18),"Correct","Incorrect") -> Incorrect | J410: =IF(AND(N18<>"",O18<>"",Predictions!W18<>"",Predictions!X18<>"",N18=Predictions!W18,O18=Predictions!X18),"Correct","Incorrect") -> Incorrect | K410: =IF(AND(E18<>"",F18<>"",Predictions!W18<>"",Predictions!X18<>""), IF(SIGN(E18-F18)=SIGN(Predictions!W18-Predictions!X18), 1, 0), 0) -> 1 | L410: =IF(AND(N18<>"",O18<>"",Predictions!W18<>"",Predictions!X18<>""), IF(SIGN(N18-O18)=SIGN(Predictions!W18-Predictions!X18), 1, 0), 0) -> 1 | M410: =IF(AND(AF18<>"",AG18<>"",Predictions!W18<>"",Predictions!X18<>"",AF18=Predictions!W18,AG18=Predictions!X18),"Correct","Incorrect") -> Incorrect | N410: =IF(AND(AF18<>"",AG18<>"",Predictions!W18<>"",Predictions!X18<>""), IF(SIGN(AF18-AG18)=SIGN(Predictions!W18-Predictions!X18), 1, 0), 0) -> 0 | Q410: VTPFP = "Vas Total | R410: 4 | S410: =SUM(K429:K438) -> 5 | T410: =SUM(L429:L438) -> 6 | U410: =COUNTIF(I429:I438, "Correct") * 2 -> 0 | V410: =COUNTIF(J429:J438, "Correct") * 2 -> 0 | W410: =SUM(S410+U410+'Star Man'!H8) -> 6 | X410: =SUM(T410+V410+'Star Man'!P8) -> 9 | Y410: =W410+Y409 -> 25 | Z410: =X410+Z409 -> 29 | AA410: =IF(COUNTA(W37:X46)=ROWS(W37:X46)*COLUMNS(W37:X46), 1, "") -> 1 | AB410: GW4 | AC410: =IF(ISNA(AE410), NA(), SUM($AE$407:AE410)) -> 25 | AD410: =IF(ISNA(AF410), NA(), SUM($AF$407:AF410)) -> 29 | AE410: =IF(AA410=1, Y410 - IF(ROW()=407, 0, Y409), NA()) -> 6 | AF410: =IF(AA410=1, Z410 - IF(ROW()=407, 0, Z409), NA()) -> 9 | AH410: =S410+U410 -> 5 | AI410: =T410+V410 -> 6
H411: GW2 M3 | I411: =IF(AND(E19<>"",F19<>"",Predictions!W19<>"",Predictions!X19<>"",E19=Predictions!W19,F19=Predictions!X19),"Correct","Incorrect") -> Incorrect | J411: =IF(AND(N19<>"",O19<>"",Predictions!W19<>"",Predictions!X19<>"",N19=Predictions!W19,O19=Predictions!X19),"Correct","Incorrect") -> Incorrect | K411: =IF(AND(E19<>"",F19<>"",Predictions!W19<>"",Predictions!X19<>""), IF(SIGN(E19-F19)=SIGN(Predictions!W19-Predictions!X19), 1, 0), 0) -> 0 | L411: =IF(AND(N19<>"",O19<>"",Predictions!W19<>"",Predictions!X19<>""), IF(SIGN(N19-O19)=SIGN(Predictions!W19-Predictions!X19), 1, 0), 0) -> 0 | M411: =IF(AND(AF19<>"",AG19<>"",Predictions!W19<>"",Predictions!X19<>"",AF19=Predictions!W19,AG19=Predictions!X19),"Correct","Incorrect") -> Incorrect | N411: =IF(AND(AF19<>"",AG19<>"",Predictions!W19<>"",Predictions!X19<>""), IF(SIGN(AF19-AG19)=SIGN(Predictions!W19-Predictions!X19), 1, 0), 0) -> 0 | Q411: Points for Predictions | R411: 5 | S411: =SUM(K439:K448) -> 3 | T411: =SUM(L439:L448) -> 3 | U411: =COUNTIF(I439:I448, "Correct") * 2 -> 0 | V411: =COUNTIF(J439:J448, "Correct") * 2 -> 4 | W411: =SUM(S411+U411+'Star Man'!H9) -> 6 | X411: =SUM(T411+V411+'Star Man'!P9) -> 7 | Y411: =W411+Y410 -> 31 | Z411: =X411+Z410 -> 36 | AA411: =IF(COUNTA(W47:X56)=ROWS(W47:X56)*COLUMNS(W47:X56), 1, "") -> 1 | AB411: GW5 | AC411: =IF(ISNA(AE411), NA(), SUM($AE$407:AE411)) -> 31 | AD411: =IF(ISNA(AF411), NA(), SUM($AF$407:AF411)) -> 36 | AE411: =IF(AA411=1, Y411 - IF(ROW()=407, 0, Y410), NA()) -> 6 | AF411: =IF(AA411=1, Z411 - IF(ROW()=407, 0, Z410), NA()) -> 7 | AH411: =S411+U411 -> 3 | AI411: =T411+V411 -> 7
H412: GW2 M4 | I412: =IF(AND(E20<>"",F20<>"",Predictions!W20<>"",Predictions!X20<>"",E20=Predictions!W20,F20=Predictions!X20),"Correct","Incorrect") -> Incorrect | J412: =IF(AND(N20<>"",O20<>"",Predictions!W20<>"",Predictions!X20<>"",N20=Predictions!W20,O20=Predictions!X20),"Correct","Incorrect") -> Incorrect | K412: =IF(AND(E20<>"",F20<>"",Predictions!W20<>"",Predictions!X20<>""), IF(SIGN(E20-F20)=SIGN(Predictions!W20-Predictions!X20), 1, 0), 0) -> 0 | L412: =IF(AND(N20<>"",O20<>"",Predictions!W20<>"",Predictions!X20<>""), IF(SIGN(N20-O20)=SIGN(Predictions!W20-Predictions!X20), 1, 0), 0) -> 0 | M412: =IF(AND(AF20<>"",AG20<>"",Predictions!W20<>"",Predictions!X20<>"",AF20=Predictions!W20,AG20=Predictions!X20),"Correct","Incorrect") -> Incorrect | N412: =IF(AND(AF20<>"",AG20<>"",Predictions!W20<>"",Predictions!X20<>""), IF(SIGN(AF20-AG20)=SIGN(Predictions!W20-Predictions!X20), 1, 0), 0) -> 0 | Q412: TTPFP = "Tom Total | R412: 6 | S412: =SUM(K449:K458) -> 3 | T412: =SUM(L449:L458) -> 3 | U412: =COUNTIF(I449:I458, "Correct") * 2 -> 0 | V412: =COUNTIF(J449:J458, "Correct") * 2 -> 2 | W412: =SUM(S412+U412+'Star Man'!H10) -> 6 | X412: =SUM(T412+V412+'Star Man'!P10) -> 4 | Y412: =W412+Y411 -> 37 | Z412: =X412+Z411 -> 40 | AA412: =IF(COUNTA(W57:X66)=ROWS(W57:X66)*COLUMNS(W57:X66), 1, "") -> 1 | AB412: GW6 | AC412: =IF(ISNA(AE412), NA(), SUM($AE$407:AE412)) -> 37 | AD412: =IF(ISNA(AF412), NA(), SUM($AF$407:AF412)) -> 40 | AE412: =IF(AA412=1, Y412 - IF(ROW()=407, 0, Y411), NA()) -> 6 | AF412: =IF(AA412=1, Z412 - IF(ROW()=407, 0, Z411), NA()) -> 4 | AH412: =S412+U412 -> 3 | AI412: =T412+V412 -> 5
H413: GW2 M5 | I413: =IF(AND(E21<>"",F21<>"",Predictions!W21<>"",Predictions!X21<>"",E21=Predictions!W21,F21=Predictions!X21),"Correct","Incorrect") -> Incorrect | J413: =IF(AND(N21<>"",O21<>"",Predictions!W21<>"",Predictions!X21<>"",N21=Predictions!W21,O21=Predictions!X21),"Correct","Incorrect") -> Incorrect | K413: =IF(AND(E21<>"",F21<>"",Predictions!W21<>"",Predictions!X21<>""), IF(SIGN(E21-F21)=SIGN(Predictions!W21-Predictions!X21), 1, 0), 0) -> 0 | L413: =IF(AND(N21<>"",O21<>"",Predictions!W21<>"",Predictions!X21<>""), IF(SIGN(N21-O21)=SIGN(Predictions!W21-Predictions!X21), 1, 0), 0) -> 0 | M413: =IF(AND(AF21<>"",AG21<>"",Predictions!W21<>"",Predictions!X21<>"",AF21=Predictions!W21,AG21=Predictions!X21),"Correct","Incorrect") -> Incorrect | N413: =IF(AND(AF21<>"",AG21<>"",Predictions!W21<>"",Predictions!X21<>""), IF(SIGN(AF21-AG21)=SIGN(Predictions!W21-Predictions!X21), 1, 0), 0) -> 1 | Q413: Points For Predictions | R413: 7 | S413: =SUM(K459:K468) -> 4 | T413: =SUM(L459:L468) -> 7 | U413: =COUNTIF(I459:I468, "Correct") * 2 -> 0 | V413: =COUNTIF(J459:J468, "Correct") * 2 -> 0 | W413: =SUM(S413+U413+'Star Man'!H11) -> 7 | X413: =SUM(T413+V413+'Star Man'!P11) -> 7 | Y413: =W413+Y412 -> 44 | Z413: =X413+Z412 -> 47 | AA413: =IF(COUNTA(W67:X76)=ROWS(W67:X76)*COLUMNS(W67:X76), 1, "") -> 1 | AB413: GW7 | AC413: =IF(ISNA(AE413), NA(), SUM($AE$407:AE413)) -> 44 | AD413: =IF(ISNA(AF413), NA(), SUM($AF$407:AF413)) -> 47 | AE413: =IF(AA413=1, Y413 - IF(ROW()=407, 0, Y412), NA()) -> 7 | AF413: =IF(AA413=1, Z413 - IF(ROW()=407, 0, Z412), NA()) -> 7 | AH413: =S413+U413 -> 4 | AI413: =T413+V413 -> 7
H414: GW2 M6 | I414: =IF(AND(E22<>"",F22<>"",Predictions!W22<>"",Predictions!X22<>"",E22=Predictions!W22,F22=Predictions!X22),"Correct","Incorrect") -> Incorrect | J414: =IF(AND(N22<>"",O22<>"",Predictions!W22<>"",Predictions!X22<>"",N22=Predictions!W22,O22=Predictions!X22),"Correct","Incorrect") -> Incorrect | K414: =IF(AND(E22<>"",F22<>"",Predictions!W22<>"",Predictions!X22<>""), IF(SIGN(E22-F22)=SIGN(Predictions!W22-Predictions!X22), 1, 0), 0) -> 0 | L414: =IF(AND(N22<>"",O22<>"",Predictions!W22<>"",Predictions!X22<>""), IF(SIGN(N22-O22)=SIGN(Predictions!W22-Predictions!X22), 1, 0), 0) -> 0 | M414: =IF(AND(AF22<>"",AG22<>"",Predictions!W22<>"",Predictions!X22<>"",AF22=Predictions!W22,AG22=Predictions!X22),"Correct","Incorrect") -> Incorrect | N414: =IF(AND(AF22<>"",AG22<>"",Predictions!W22<>"",Predictions!X22<>""), IF(SIGN(AF22-AG22)=SIGN(Predictions!W22-Predictions!X22), 1, 0), 0) -> 0 | Q414: VTCR = "Vas Total | R414: 8 | S414: =SUM(K469:K478) -> 5 | T414: =SUM(L469:L478) -> 7 | U414: =COUNTIF(I469:I478, "Correct") * 2 -> 2 | V414: =COUNTIF(J469:J478, "Correct") * 2 -> 6 | W414: =SUM(S414+U414+'Star Man'!H12) -> 7 | X414: =SUM(T414+V414+'Star Man'!P12) -> 16 | Y414: =W414+Y413 -> 51 | Z414: =X414+Z413 -> 63 | AA414: =IF(COUNTA(W77:X86)=ROWS(W77:X86)*COLUMNS(W77:X86), 1, "") -> 1 | AB414: GW8 | AC414: =IF(ISNA(AE414), NA(), SUM($AE$407:AE414)) -> 51 | AD414: =IF(ISNA(AF414), NA(), SUM($AF$407:AF414)) -> 63 | AE414: =IF(AA414=1, Y414 - IF(ROW()=407, 0, Y413), NA()) -> 7 | AF414: =IF(AA414=1, Z414 - IF(ROW()=407, 0, Z413), NA()) -> 16 | AH414: =S414+U414 -> 7 | AI414: =T414+V414 -> 13
H415: GW2 M7 | I415: =IF(AND(E23<>"",F23<>"",Predictions!W23<>"",Predictions!X23<>"",E23=Predictions!W23,F23=Predictions!X23),"Correct","Incorrect") -> Incorrect | J415: =IF(AND(N23<>"",O23<>"",Predictions!W23<>"",Predictions!X23<>"",N23=Predictions!W23,O23=Predictions!X23),"Correct","Incorrect") -> Incorrect | K415: =IF(AND(E23<>"",F23<>"",Predictions!W23<>"",Predictions!X23<>""), IF(SIGN(E23-F23)=SIGN(Predictions!W23-Predictions!X23), 1, 0), 0) -> 0 | L415: =IF(AND(N23<>"",O23<>"",Predictions!W23<>"",Predictions!X23<>""), IF(SIGN(N23-O23)=SIGN(Predictions!W23-Predictions!X23), 1, 0), 0) -> 0 | M415: =IF(AND(AF23<>"",AG23<>"",Predictions!W23<>"",Predictions!X23<>"",AF23=Predictions!W23,AG23=Predictions!X23),"Correct","Incorrect") -> Incorrect | N415: =IF(AND(AF23<>"",AG23<>"",Predictions!W23<>"",Predictions!X23<>""), IF(SIGN(AF23-AG23)=SIGN(Predictions!W23-Predictions!X23), 1, 0), 0) -> 0 | Q415: Correct Results" | R415: 9 | S415: =SUM(K479:K488) -> 5 | T415: =SUM(L479:L488) -> 4 | U415: =COUNTIF(I479:I488, "Correct") * 2 -> 2 | V415: =COUNTIF(J479:J488, "Correct") * 2 -> 4 | W415: =SUM(S415+U415+'Star Man'!H13) -> 7 | X415: =SUM(T415+V415+'Star Man'!P13) -> 9 | Y415: =W415+Y414 -> 58 | Z415: =X415+Z414 -> 72 | AA415: =IF(COUNTA(W87:X96)=ROWS(W87:X96)*COLUMNS(W87:X96), 1, "") -> 1 | AB415: GW9 | AC415: =IF(ISNA(AE415), NA(), SUM($AE$407:AE415)) -> 58 | AD415: =IF(ISNA(AF415), NA(), SUM($AF$407:AF415)) -> 72 | AE415: =IF(AA415=1, Y415 - IF(ROW()=407, 0, Y414), NA()) -> 7 | AF415: =IF(AA415=1, Z415 - IF(ROW()=407, 0, Z414), NA()) -> 9 | AH415: =S415+U415 -> 7 | AI415: =T415+V415 -> 8
H416: GW2 M8 | I416: =IF(AND(E24<>"",F24<>"",Predictions!W24<>"",Predictions!X24<>"",E24=Predictions!W24,F24=Predictions!X24),"Correct","Incorrect") -> Incorrect | J416: =IF(AND(N24<>"",O24<>"",Predictions!W24<>"",Predictions!X24<>"",N24=Predictions!W24,O24=Predictions!X24),"Correct","Incorrect") -> Incorrect | K416: =IF(AND(E24<>"",F24<>"",Predictions!W24<>"",Predictions!X24<>""), IF(SIGN(E24-F24)=SIGN(Predictions!W24-Predictions!X24), 1, 0), 0) -> 0 | L416: =IF(AND(N24<>"",O24<>"",Predictions!W24<>"",Predictions!X24<>""), IF(SIGN(N24-O24)=SIGN(Predictions!W24-Predictions!X24), 1, 0), 0) -> 1 | M416: =IF(AND(AF24<>"",AG24<>"",Predictions!W24<>"",Predictions!X24<>"",AF24=Predictions!W24,AG24=Predictions!X24),"Correct","Incorrect") -> Incorrect | N416: =IF(AND(AF24<>"",AG24<>"",Predictions!W24<>"",Predictions!X24<>""), IF(SIGN(AF24-AG24)=SIGN(Predictions!W24-Predictions!X24), 1, 0), 0) -> 0 | Q416: TTCR = "Tom Total | R416: 10 | S416: =SUM(K489:K498) -> 5 | T416: =SUM(L489:L498) -> 5 | U416: =COUNTIF(I489:I498, "Correct") * 2 -> 0 | V416: =COUNTIF(J489:J498, "Correct") * 2 -> 2 | W416: =SUM(S416+U416+'Star Man'!H14) -> 5 | X416: =SUM(T416+V416+'Star Man'!P14) -> 7 | Y416: =W416+Y415 -> 63 | Z416: =X416+Z415 -> 79 | AA416: =IF(COUNTA(W97:X106)=ROWS(W97:X106)*COLUMNS(W97:X106), 1, "") -> 1 | AB416: GW10 | AC416: =IF(ISNA(AE416), NA(), SUM($AE$407:AE416)) -> 63 | AD416: =IF(ISNA(AF416), NA(), SUM($AF$407:AF416)) -> 79 | AE416: =IF(AA416=1, Y416 - IF(ROW()=407, 0, Y415), NA()) -> 5 | AF416: =IF(AA416=1, Z416 - IF(ROW()=407, 0, Z415), NA()) -> 7 | AH416: =S416+U416 -> 5 | AI416: =T416+V416 -> 7
H417: GW2 M9 | I417: =IF(AND(E25<>"",F25<>"",Predictions!W25<>"",Predictions!X25<>"",E25=Predictions!W25,F25=Predictions!X25),"Correct","Incorrect") -> Incorrect | J417: =IF(AND(N25<>"",O25<>"",Predictions!W25<>"",Predictions!X25<>"",N25=Predictions!W25,O25=Predictions!X25),"Correct","Incorrect") -> Incorrect | K417: =IF(AND(E25<>"",F25<>"",Predictions!W25<>"",Predictions!X25<>""), IF(SIGN(E25-F25)=SIGN(Predictions!W25-Predictions!X25), 1, 0), 0) -> 1 | L417: =IF(AND(N25<>"",O25<>"",Predictions!W25<>"",Predictions!X25<>""), IF(SIGN(N25-O25)=SIGN(Predictions!W25-Predictions!X25), 1, 0), 0) -> 1 | M417: =IF(AND(AF25<>"",AG25<>"",Predictions!W25<>"",Predictions!X25<>"",AF25=Predictions!W25,AG25=Predictions!X25),"Correct","Incorrect") -> Incorrect | N417: =IF(AND(AF25<>"",AG25<>"",Predictions!W25<>"",Predictions!X25<>""), IF(SIGN(AF25-AG25)=SIGN(Predictions!W25-Predictions!X25), 1, 0), 0) -> 1 | Q417: Correct Results" | R417: 11 | S417: =SUM(K499:K508) -> 4 | T417: =SUM(L499:L508) -> 7 | U417: =COUNTIF(I499:I508, "Correct") * 2 -> 0 | V417: =COUNTIF(J499:J508, "Correct") * 2 -> 2 | W417: =SUM(S417+U417+'Star Man'!H15) -> 4 | X417: =SUM(T417+V417+'Star Man'!P15) -> 9 | Y417: =W417+Y416 -> 67 | Z417: =X417+Z416 -> 88 | AA417: =IF(COUNTA(W107:X116)=ROWS(W107:X116)*COLUMNS(W107:X116), 1, "") -> 1 | AB417: GW11 | AC417: =IF(ISNA(AE417), NA(), SUM($AE$407:AE417)) -> 67 | AD417: =IF(ISNA(AF417), NA(), SUM($AF$407:AF417)) -> 88 | AE417: =IF(AA417=1, Y417 - IF(ROW()=407, 0, Y416), NA()) -> 4 | AF417: =IF(AA417=1, Z417 - IF(ROW()=407, 0, Z416), NA()) -> 9 | AH417: =S417+U417 -> 4 | AI417: =T417+V417 -> 9
H418: GW2 M10 | I418: =IF(AND(E26<>"",F26<>"",Predictions!W26<>"",Predictions!X26<>"",E26=Predictions!W26,F26=Predictions!X26),"Correct","Incorrect") -> Incorrect | J418: =IF(AND(N26<>"",O26<>"",Predictions!W26<>"",Predictions!X26<>"",N26=Predictions!W26,O26=Predictions!X26),"Correct","Incorrect") -> Incorrect | K418: =IF(AND(E26<>"",F26<>"",Predictions!W26<>"",Predictions!X26<>""), IF(SIGN(E26-F26)=SIGN(Predictions!W26-Predictions!X26), 1, 0), 0) -> 1 | L418: =IF(AND(N26<>"",O26<>"",Predictions!W26<>"",Predictions!X26<>""), IF(SIGN(N26-O26)=SIGN(Predictions!W26-Predictions!X26), 1, 0), 0) -> 0 | M418: =IF(AND(AF26<>"",AG26<>"",Predictions!W26<>"",Predictions!X26<>"",AF26=Predictions!W26,AG26=Predictions!X26),"Correct","Incorrect") -> Incorrect | N418: =IF(AND(AF26<>"",AG26<>"",Predictions!W26<>"",Predictions!X26<>""), IF(SIGN(AF26-AG26)=SIGN(Predictions!W26-Predictions!X26), 1, 0), 0) -> 1 | R418: 12 | S418: =SUM(K509:K518) -> 3 | T418: =SUM(L509:L518) -> 5 | U418: =COUNTIF(I509:I518, "Correct") * 2 -> 4 | V418: =COUNTIF(J509:J518, "Correct") * 2 -> 0 | W418: =SUM(S418+U418+'Star Man'!H16) -> 7 | X418: =SUM(T418+V418+'Star Man'!P16) -> 5 | Y418: =W418+Y417 -> 74 | Z418: =X418+Z417 -> 93 | AA418: =IF(COUNTA(W117:X126)=ROWS(W117:X126)*COLUMNS(W117:X126), 1, "") -> 1 | AB418: GW12 | AC418: =IF(ISNA(AE418), NA(), SUM($AE$407:AE418)) -> 74 | AD418: =IF(ISNA(AF418), NA(), SUM($AF$407:AF418)) -> 93 | AE418: =IF(AA418=1, Y418 - IF(ROW()=407, 0, Y417), NA()) -> 7 | AF418: =IF(AA418=1, Z418 - IF(ROW()=407, 0, Z417), NA()) -> 5 | AH418: =S418+U418 -> 7 | AI418: =T418+V418 -> 5
H419: GW3 M1 | I419: =IF(AND(E27<>"",F27<>"",Predictions!W27<>"",Predictions!X27<>"",E27=Predictions!W27,F27=Predictions!X27),"Correct","Incorrect") -> Incorrect | J419: =IF(AND(N27<>"",O27<>"",Predictions!W27<>"",Predictions!X27<>"",N27=Predictions!W27,O27=Predictions!X27),"Correct","Incorrect") -> Incorrect | K419: =IF(AND(E27<>"",F27<>"",Predictions!W27<>"",Predictions!X27<>""), IF(SIGN(E27-F27)=SIGN(Predictions!W27-Predictions!X27), 1, 0), 0) -> 1 | L419: =IF(AND(N27<>"",O27<>"",Predictions!W27<>"",Predictions!X27<>""), IF(SIGN(N27-O27)=SIGN(Predictions!W27-Predictions!X27), 1, 0), 0) -> 0 | M419: =IF(AND(AF27<>"",AG27<>"",Predictions!W27<>"",Predictions!X27<>"",AF27=Predictions!W27,AG27=Predictions!X27),"Correct","Incorrect") -> Incorrect | N419: =IF(AND(AF27<>"",AG27<>"",Predictions!W27<>"",Predictions!X27<>""), IF(SIGN(AF27-AG27)=SIGN(Predictions!W27-Predictions!X27), 1, 0), 0) -> 0 | R419: 13 | S419: =SUM(K519:K528) -> 5 | T419: =SUM(L519:L528) -> 5 | U419: =COUNTIF(I519:I528, "Correct") * 2 -> 2 | V419: =COUNTIF(J519:J528, "Correct") * 2 -> 2 | W419: =SUM(S419+U419+'Star Man'!H17) -> 7 | X419: =SUM(T419+V419+'Star Man'!P17) -> 13 | Y419: =W419+Y418 -> 81 | Z419: =X419+Z418 -> 106 | AA419: =IF(COUNTA(W127:X136)=ROWS(W127:X136)*COLUMNS(W127:X136), 1, "") -> 1 | AB419: GW13 | AC419: =IF(ISNA(AE419), NA(), SUM($AE$407:AE419)) -> 81 | AD419: =IF(ISNA(AF419), NA(), SUM($AF$407:AF419)) -> 106 | AE419: =IF(AA419=1, Y419 - IF(ROW()=407, 0, Y418), NA()) -> 7 | AF419: =IF(AA419=1, Z419 - IF(ROW()=407, 0, Z418), NA()) -> 13 | AH419: =S419+U419 -> 7 | AI419: =T419+V419 -> 7
H420: GW3 M2 | I420: =IF(AND(E28<>"",F28<>"",Predictions!W28<>"",Predictions!X28<>"",E28=Predictions!W28,F28=Predictions!X28),"Correct","Incorrect") -> Incorrect | J420: =IF(AND(N28<>"",O28<>"",Predictions!W28<>"",Predictions!X28<>"",N28=Predictions!W28,O28=Predictions!X28),"Correct","Incorrect") -> Incorrect | K420: =IF(AND(E28<>"",F28<>"",Predictions!W28<>"",Predictions!X28<>""), IF(SIGN(E28-F28)=SIGN(Predictions!W28-Predictions!X28), 1, 0), 0) -> 0 | L420: =IF(AND(N28<>"",O28<>"",Predictions!W28<>"",Predictions!X28<>""), IF(SIGN(N28-O28)=SIGN(Predictions!W28-Predictions!X28), 1, 0), 0) -> 0 | M420: =IF(AND(AF28<>"",AG28<>"",Predictions!W28<>"",Predictions!X28<>"",AF28=Predictions!W28,AG28=Predictions!X28),"Correct","Incorrect") -> Incorrect | N420: =IF(AND(AF28<>"",AG28<>"",Predictions!W28<>"",Predictions!X28<>""), IF(SIGN(AF28-AG28)=SIGN(Predictions!W28-Predictions!X28), 1, 0), 0) -> 0 | R420: 14 | S420: =SUM(K529:K538) -> 4 | T420: =SUM(L529:L538) -> 5 | U420: =COUNTIF(I529:I538, "Correct") * 2 -> 0 | V420: =COUNTIF(J529:J538, "Correct") * 2 -> 0 | W420: =SUM(S420+U420+'Star Man'!H18) -> 10 | X420: =SUM(T420+V420+'Star Man'!P18) -> 5 | Y420: =W420+Y419 -> 91 | Z420: =X420+Z419 -> 111 | AA420: =IF(COUNTA(W137:X146)=ROWS(W137:X146)*COLUMNS(W137:X146), 1, "") -> 1 | AB420: GW14 | AC420: =IF(ISNA(AE420), NA(), SUM($AE$407:AE420)) -> 91 | AD420: =IF(ISNA(AF420), NA(), SUM($AF$407:AF420)) -> 111 | AE420: =IF(AA420=1, Y420 - IF(ROW()=407, 0, Y419), NA()) -> 10 | AF420: =IF(AA420=1, Z420 - IF(ROW()=407, 0, Z419), NA()) -> 5 | AH420: =S420+U420 -> 4 | AI420: =T420+V420 -> 5
H421: GW3 M3 | I421: =IF(AND(E29<>"",F29<>"",Predictions!W29<>"",Predictions!X29<>"",E29=Predictions!W29,F29=Predictions!X29),"Correct","Incorrect") -> Incorrect | J421: =IF(AND(N29<>"",O29<>"",Predictions!W29<>"",Predictions!X29<>"",N29=Predictions!W29,O29=Predictions!X29),"Correct","Incorrect") -> Incorrect | K421: =IF(AND(E29<>"",F29<>"",Predictions!W29<>"",Predictions!X29<>""), IF(SIGN(E29-F29)=SIGN(Predictions!W29-Predictions!X29), 1, 0), 0) -> 1 | L421: =IF(AND(N29<>"",O29<>"",Predictions!W29<>"",Predictions!X29<>""), IF(SIGN(N29-O29)=SIGN(Predictions!W29-Predictions!X29), 1, 0), 0) -> 0 | M421: =IF(AND(AF29<>"",AG29<>"",Predictions!W29<>"",Predictions!X29<>"",AF29=Predictions!W29,AG29=Predictions!X29),"Correct","Incorrect") -> Incorrect | N421: =IF(AND(AF29<>"",AG29<>"",Predictions!W29<>"",Predictions!X29<>""), IF(SIGN(AF29-AG29)=SIGN(Predictions!W29-Predictions!X29), 1, 0), 0) -> 1 | R421: 15 | S421: =SUM(K539:K548) -> 4 | T421: =SUM(L539:L548) -> 6 | U421: =COUNTIF(I539:I548, "Correct") * 2 -> 0 | V421: =COUNTIF(J539:J548, "Correct") * 2 -> 4 | W421: =SUM(S421+U421+'Star Man'!H19) -> 4 | X421: =SUM(T421+V421+'Star Man'!P19) -> 10 | Y421: =W421+Y420 -> 95 | Z421: =X421+Z420 -> 121 | AA421: =IF(COUNTA(W147:X156)=ROWS(W147:X156)*COLUMNS(W147:X156), 1, "") -> 1 | AB421: GW15 | AC421: =IF(ISNA(AE421), NA(), SUM($AE$407:AE421)) -> 95 | AD421: =IF(ISNA(AF421), NA(), SUM($AF$407:AF421)) -> 121 | AE421: =IF(AA421=1, Y421 - IF(ROW()=407, 0, Y420), NA()) -> 4 | AF421: =IF(AA421=1, Z421 - IF(ROW()=407, 0, Z420), NA()) -> 10 | AH421: =S421+U421 -> 4 | AI421: =T421+V421 -> 10
H422: GW3 M4 | I422: =IF(AND(E30<>"",F30<>"",Predictions!W30<>"",Predictions!X30<>"",E30=Predictions!W30,F30=Predictions!X30),"Correct","Incorrect") -> Incorrect | J422: =IF(AND(N30<>"",O30<>"",Predictions!W30<>"",Predictions!X30<>"",N30=Predictions!W30,O30=Predictions!X30),"Correct","Incorrect") -> Incorrect | K422: =IF(AND(E30<>"",F30<>"",Predictions!W30<>"",Predictions!X30<>""), IF(SIGN(E30-F30)=SIGN(Predictions!W30-Predictions!X30), 1, 0), 0) -> 0 | L422: =IF(AND(N30<>"",O30<>"",Predictions!W30<>"",Predictions!X30<>""), IF(SIGN(N30-O30)=SIGN(Predictions!W30-Predictions!X30), 1, 0), 0) -> 1 | M422: =IF(AND(AF30<>"",AG30<>"",Predictions!W30<>"",Predictions!X30<>"",AF30=Predictions!W30,AG30=Predictions!X30),"Correct","Incorrect") -> Correct | N422: =IF(AND(AF30<>"",AG30<>"",Predictions!W30<>"",Predictions!X30<>""), IF(SIGN(AF30-AG30)=SIGN(Predictions!W30-Predictions!X30), 1, 0), 0) -> 1 | R422: 16 | S422: =SUM(K549:K558) -> 7 | T422: =SUM(L549:L558) -> 5 | U422: =COUNTIF(I549:I558, "Correct") * 2 -> 2 | V422: =COUNTIF(J549:J558, "Correct") * 2 -> 0 | W422: =SUM(S422+U422+'Star Man'!H20) -> 12 | X422: =SUM(T422+V422+'Star Man'!P20) -> 5 | Y422: =W422+Y421 -> 107 | Z422: =X422+Z421 -> 126 | AA422: =IF(COUNTA(W157:X166)=ROWS(W157:X166)*COLUMNS(W157:X166), 1, "") -> 1 | AB422: GW16 | AC422: =IF(ISNA(AE422), NA(), SUM($AE$407:AE422)) -> 107 | AD422: =IF(ISNA(AF422), NA(), SUM($AF$407:AF422)) -> 126 | AE422: =IF(AA422=1, Y422 - IF(ROW()=407, 0, Y421), NA()) -> 12 | AF422: =IF(AA422=1, Z422 - IF(ROW()=407, 0, Z421), NA()) -> 5 | AH422: =S422+U422 -> 9 | AI422: =T422+V422 -> 5
H423: GW3 M5 | I423: =IF(AND(E31<>"",F31<>"",Predictions!W31<>"",Predictions!X31<>"",E31=Predictions!W31,F31=Predictions!X31),"Correct","Incorrect") -> Incorrect | J423: =IF(AND(N31<>"",O31<>"",Predictions!W31<>"",Predictions!X31<>"",N31=Predictions!W31,O31=Predictions!X31),"Correct","Incorrect") -> Incorrect | K423: =IF(AND(E31<>"",F31<>"",Predictions!W31<>"",Predictions!X31<>""), IF(SIGN(E31-F31)=SIGN(Predictions!W31-Predictions!X31), 1, 0), 0) -> 1 | L423: =IF(AND(N31<>"",O31<>"",Predictions!W31<>"",Predictions!X31<>""), IF(SIGN(N31-O31)=SIGN(Predictions!W31-Predictions!X31), 1, 0), 0) -> 0 | M423: =IF(AND(AF31<>"",AG31<>"",Predictions!W31<>"",Predictions!X31<>"",AF31=Predictions!W31,AG31=Predictions!X31),"Correct","Incorrect") -> Incorrect | N423: =IF(AND(AF31<>"",AG31<>"",Predictions!W31<>"",Predictions!X31<>""), IF(SIGN(AF31-AG31)=SIGN(Predictions!W31-Predictions!X31), 1, 0), 0) -> 1 | R423: 17 | S423: =SUM(K559:K568) -> 7 | T423: =SUM(L559:L568) -> 4 | U423: =COUNTIF(I559:I568, "Correct") * 2 -> 6 | V423: =COUNTIF(J559:J568, "Correct") * 2 -> 2 | W423: =SUM(S423+U423+'Star Man'!H21) -> 13 | X423: =SUM(T423+V423+'Star Man'!P21) -> 5 | Y423: =W423+Y422 -> 120 | Z423: =X423+Z422 -> 131 | AA423: =IF(COUNTA(W167:X176)=ROWS(W167:X176)*COLUMNS(W167:X176), 1, "") -> 1 | AB423: GW17 | AC423: =IF(ISNA(AE423), NA(), SUM($AE$407:AE423)) -> 120 | AD423: =IF(ISNA(AF423), NA(), SUM($AF$407:AF423)) -> 131 | AE423: =IF(AA423=1, Y423 - IF(ROW()=407, 0, Y422), NA()) -> 13 | AF423: =IF(AA423=1, Z423 - IF(ROW()=407, 0, Z422), NA()) -> 5 | AH423: =S423+U423 -> 13 | AI423: =T423+V423 -> 6
H424: GW3 M6 | I424: =IF(AND(E32<>"",F32<>"",Predictions!W32<>"",Predictions!X32<>"",E32=Predictions!W32,F32=Predictions!X32),"Correct","Incorrect") -> Incorrect | J424: =IF(AND(N32<>"",O32<>"",Predictions!W32<>"",Predictions!X32<>"",N32=Predictions!W32,O32=Predictions!X32),"Correct","Incorrect") -> Incorrect | K424: =IF(AND(E32<>"",F32<>"",Predictions!W32<>"",Predictions!X32<>""), IF(SIGN(E32-F32)=SIGN(Predictions!W32-Predictions!X32), 1, 0), 0) -> 0 | L424: =IF(AND(N32<>"",O32<>"",Predictions!W32<>"",Predictions!X32<>""), IF(SIGN(N32-O32)=SIGN(Predictions!W32-Predictions!X32), 1, 0), 0) -> 1 | M424: =IF(AND(AF32<>"",AG32<>"",Predictions!W32<>"",Predictions!X32<>"",AF32=Predictions!W32,AG32=Predictions!X32),"Correct","Incorrect") -> Incorrect | N424: =IF(AND(AF32<>"",AG32<>"",Predictions!W32<>"",Predictions!X32<>""), IF(SIGN(AF32-AG32)=SIGN(Predictions!W32-Predictions!X32), 1, 0), 0) -> 1 | R424: 18 | S424: =SUM(K569:K578) -> 5 | T424: =SUM(L569:L578) -> 6 | U424: =COUNTIF(I569:I578, "Correct") * 2 -> 0 | V424: =COUNTIF(J569:J578, "Correct") * 2 -> 2 | W424: =SUM(S424+U424+'Star Man'!H22) -> 9 | X424: =SUM(T424+V424+'Star Man'!P22) -> 8 | Y424: =W424+Y423 -> 129 | Z424: =X424+Z423 -> 139 | AA424: =IF(COUNTA(W177:X186)=ROWS(W177:X186)*COLUMNS(W177:X186), 1, "") -> 1 | AB424: GW18 | AC424: =IF(ISNA(AE424), NA(), SUM($AE$407:AE424)) -> 129 | AD424: =IF(ISNA(AF424), NA(), SUM($AF$407:AF424)) -> 139 | AE424: =IF(AA424=1, Y424 - IF(ROW()=407, 0, Y423), NA()) -> 9 | AF424: =IF(AA424=1, Z424 - IF(ROW()=407, 0, Z423), NA()) -> 8 | AH424: =S424+U424 -> 5 | AI424: =T424+V424 -> 8
H425: GW3 M7 | I425: =IF(AND(E33<>"",F33<>"",Predictions!W33<>"",Predictions!X33<>"",E33=Predictions!W33,F33=Predictions!X33),"Correct","Incorrect") -> Incorrect | J425: =IF(AND(N33<>"",O33<>"",Predictions!W33<>"",Predictions!X33<>"",N33=Predictions!W33,O33=Predictions!X33),"Correct","Incorrect") -> Incorrect | K425: =IF(AND(E33<>"",F33<>"",Predictions!W33<>"",Predictions!X33<>""), IF(SIGN(E33-F33)=SIGN(Predictions!W33-Predictions!X33), 1, 0), 0) -> 0 | L425: =IF(AND(N33<>"",O33<>"",Predictions!W33<>"",Predictions!X33<>""), IF(SIGN(N33-O33)=SIGN(Predictions!W33-Predictions!X33), 1, 0), 0) -> 0 | M425: =IF(AND(AF33<>"",AG33<>"",Predictions!W33<>"",Predictions!X33<>"",AF33=Predictions!W33,AG33=Predictions!X33),"Correct","Incorrect") -> Incorrect | N425: =IF(AND(AF33<>"",AG33<>"",Predictions!W33<>"",Predictions!X33<>""), IF(SIGN(AF33-AG33)=SIGN(Predictions!W33-Predictions!X33), 1, 0), 0) -> 0 | R425: 19 | S425: =SUM(K579:K588) -> 2 | T425: =SUM(L579:L588) -> 2 | U425: =COUNTIF(I579:I588, "Correct") * 2 -> 0 | V425: =COUNTIF(J579:J588, "Correct") * 2 -> 2 | W425: =SUM(S425+U425+'Star Man'!H23) -> 2 | X425: =SUM(T425+V425+'Star Man'!P23) -> 4 | Y425: =W425+Y424 -> 131 | Z425: =X425+Z424 -> 143 | AA425: =IF(COUNTA(W187:X196)=ROWS(W187:X196)*COLUMNS(W187:X196), 1, "") -> 1 | AB425: GW19 | AC425: =IF(ISNA(AE425), NA(), SUM($AE$407:AE425)) -> 131 | AD425: =IF(ISNA(AF425), NA(), SUM($AF$407:AF425)) -> 143 | AE425: =IF(AA425=1, Y425 - IF(ROW()=407, 0, Y424), NA()) -> 2 | AF425: =IF(AA425=1, Z425 - IF(ROW()=407, 0, Z424), NA()) -> 4 | AH425: =S425+U425 -> 2 | AI425: =T425+V425 -> 4
H426: GW3 M8 | I426: =IF(AND(E34<>"",F34<>"",Predictions!W34<>"",Predictions!X34<>"",E34=Predictions!W34,F34=Predictions!X34),"Correct","Incorrect") -> Incorrect | J426: =IF(AND(N34<>"",O34<>"",Predictions!W34<>"",Predictions!X34<>"",N34=Predictions!W34,O34=Predictions!X34),"Correct","Incorrect") -> Incorrect | K426: =IF(AND(E34<>"",F34<>"",Predictions!W34<>"",Predictions!X34<>""), IF(SIGN(E34-F34)=SIGN(Predictions!W34-Predictions!X34), 1, 0), 0) -> 0 | L426: =IF(AND(N34<>"",O34<>"",Predictions!W34<>"",Predictions!X34<>""), IF(SIGN(N34-O34)=SIGN(Predictions!W34-Predictions!X34), 1, 0), 0) -> 0 | M426: =IF(AND(AF34<>"",AG34<>"",Predictions!W34<>"",Predictions!X34<>"",AF34=Predictions!W34,AG34=Predictions!X34),"Correct","Incorrect") -> Incorrect | N426: =IF(AND(AF34<>"",AG34<>"",Predictions!W34<>"",Predictions!X34<>""), IF(SIGN(AF34-AG34)=SIGN(Predictions!W34-Predictions!X34), 1, 0), 0) -> 0 | R426: 20 | S426: =SUM(K589:K598) -> 5 | T426: =SUM(L589:L598) -> 6 | U426: =COUNTIF(I589:I598, "Correct") * 2 -> 0 | V426: =COUNTIF(J589:J598, "Correct") * 2 -> 0 | W426: =SUM(S426+U426+'Star Man'!H24) -> 6 | X426: =SUM(T426+V426+'Star Man'!P24) -> 6 | Y426: =W426+Y425 -> 137 | Z426: =X426+Z425 -> 149 | AA426: =IF(COUNTA(W197:X206)=ROWS(W197:X206)*COLUMNS(W197:X206), 1, "") -> 1 | AB426: GW20 | AC426: =IF(ISNA(AE426), NA(), SUM($AE$407:AE426)) -> 137 | AD426: =IF(ISNA(AF426), NA(), SUM($AF$407:AF426)) -> 149 | AE426: =IF(AA426=1, Y426 - IF(ROW()=407, 0, Y425), NA()) -> 6 | AF426: =IF(AA426=1, Z426 - IF(ROW()=407, 0, Z425), NA()) -> 6 | AH426: =S426+U426 -> 5 | AI426: =T426+V426 -> 6
H427: GW3 M9 | I427: =IF(AND(E35<>"",F35<>"",Predictions!W35<>"",Predictions!X35<>"",E35=Predictions!W35,F35=Predictions!X35),"Correct","Incorrect") -> Incorrect | J427: =IF(AND(N35<>"",O35<>"",Predictions!W35<>"",Predictions!X35<>"",N35=Predictions!W35,O35=Predictions!X35),"Correct","Incorrect") -> Incorrect | K427: =IF(AND(E35<>"",F35<>"",Predictions!W35<>"",Predictions!X35<>""), IF(SIGN(E35-F35)=SIGN(Predictions!W35-Predictions!X35), 1, 0), 0) -> 0 | L427: =IF(AND(N35<>"",O35<>"",Predictions!W35<>"",Predictions!X35<>""), IF(SIGN(N35-O35)=SIGN(Predictions!W35-Predictions!X35), 1, 0), 0) -> 0 | M427: =IF(AND(AF35<>"",AG35<>"",Predictions!W35<>"",Predictions!X35<>"",AF35=Predictions!W35,AG35=Predictions!X35),"Correct","Incorrect") -> Incorrect | N427: =IF(AND(AF35<>"",AG35<>"",Predictions!W35<>"",Predictions!X35<>""), IF(SIGN(AF35-AG35)=SIGN(Predictions!W35-Predictions!X35), 1, 0), 0) -> 0 | R427: 21 | S427: =SUM(K599:K608) -> 4 | T427: =SUM(L599:L608) -> 1 | U427: =COUNTIF(I599:I608, "Correct") * 2 -> 2 | V427: =COUNTIF(J599:J608, "Correct") * 2 -> 0 | W427: =SUM(S427+U427+'Star Man'!H25) -> 4 | X427: =SUM(T427+V427+'Star Man'!P25) -> 1 | Y427: =W427+Y426 -> 141 | Z427: =X427+Z426 -> 150 | AA427: =IF(COUNTA(W207:X216)=ROWS(W207:X216)*COLUMNS(W207:X216), 1, "") -> 1 | AB427: GW21 | AC427: =IF(ISNA(AE427), NA(), SUM($AE$407:AE427)) -> 141 | AD427: =IF(ISNA(AF427), NA(), SUM($AF$407:AF427)) -> 150 | AE427: =IF(AA427=1, Y427 - IF(ROW()=407, 0, Y426), NA()) -> 4 | AF427: =IF(AA427=1, Z427 - IF(ROW()=407, 0, Z426), NA()) -> 1 | AH427: =S427+U427 -> 6 | AI427: =T427+V427 -> 1
H428: GW3 M10 | I428: =IF(AND(E36<>"",F36<>"",Predictions!W36<>"",Predictions!X36<>"",E36=Predictions!W36,F36=Predictions!X36),"Correct","Incorrect") -> Incorrect | J428: =IF(AND(N36<>"",O36<>"",Predictions!W36<>"",Predictions!X36<>"",N36=Predictions!W36,O36=Predictions!X36),"Correct","Incorrect") -> Incorrect | K428: =IF(AND(E36<>"",F36<>"",Predictions!W36<>"",Predictions!X36<>""), IF(SIGN(E36-F36)=SIGN(Predictions!W36-Predictions!X36), 1, 0), 0) -> 1 | L428: =IF(AND(N36<>"",O36<>"",Predictions!W36<>"",Predictions!X36<>""), IF(SIGN(N36-O36)=SIGN(Predictions!W36-Predictions!X36), 1, 0), 0) -> 1 | M428: =IF(AND(AF36<>"",AG36<>"",Predictions!W36<>"",Predictions!X36<>"",AF36=Predictions!W36,AG36=Predictions!X36),"Correct","Incorrect") -> Incorrect | N428: =IF(AND(AF36<>"",AG36<>"",Predictions!W36<>"",Predictions!X36<>""), IF(SIGN(AF36-AG36)=SIGN(Predictions!W36-Predictions!X36), 1, 0), 0) -> 1 | R428: 22 | S428: =SUM(K609:K618) -> 1 | T428: =SUM(L609:L618) -> 1 | U428: =COUNTIF(I609:I618, "Correct") * 2 -> 2 | V428: =COUNTIF(J609:J618, "Correct") * 2 -> 0 | W428: =SUM(S428+U428+'Star Man'!H26) -> 6 | X428: =SUM(T428+V428+'Star Man'!P26) -> 1 | Y428: =W428+Y427 -> 147 | Z428: =X428+Z427 -> 151 | AA428: =IF(COUNTA(W217:X226)=ROWS(W217:X226)*COLUMNS(W217:X226), 1, "") -> 1 | AB428: GW22 | AC428: =IF(ISNA(AE428), NA(), SUM($AE$407:AE428)) -> 147 | AD428: =IF(ISNA(AF428), NA(), SUM($AF$407:AF428)) -> 151 | AE428: =IF(AA428=1, Y428 - IF(ROW()=407, 0, Y427), NA()) -> 6 | AF428: =IF(AA428=1, Z428 - IF(ROW()=407, 0, Z427), NA()) -> 1 | AH428: =S428+U428 -> 3 | AI428: =T428+V428 -> 1
H429: GW4 M1 | I429: =IF(AND(E37<>"",F37<>"",Predictions!W37<>"",Predictions!X37<>"",E37=Predictions!W37,F37=Predictions!X37),"Correct","Incorrect") -> Incorrect | J429: =IF(AND(N37<>"",O37<>"",Predictions!W37<>"",Predictions!X37<>"",N37=Predictions!W37,O37=Predictions!X37),"Correct","Incorrect") -> Incorrect | K429: =IF(AND(E37<>"",F37<>"",Predictions!W37<>"",Predictions!X37<>""), IF(SIGN(E37-F37)=SIGN(Predictions!W37-Predictions!X37), 1, 0), 0) -> 0 | L429: =IF(AND(N37<>"",O37<>"",Predictions!W37<>"",Predictions!X37<>""), IF(SIGN(N37-O37)=SIGN(Predictions!W37-Predictions!X37), 1, 0), 0) -> 1 | M429: =IF(AND(AF37<>"",AG37<>"",Predictions!W37<>"",Predictions!X37<>"",AF37=Predictions!W37,AG37=Predictions!X37),"Correct","Incorrect") -> Incorrect | N429: =IF(AND(AF37<>"",AG37<>"",Predictions!W37<>"",Predictions!X37<>""), IF(SIGN(AF37-AG37)=SIGN(Predictions!W37-Predictions!X37), 1, 0), 0) -> 0 | R429: 23 | S429: =SUM(K619:K628) -> 4 | T429: =SUM(L619:L628) -> 3 | U429: =COUNTIF(I619:I628, "Correct") * 2 -> 0 | V429: =COUNTIF(J619:J628, "Correct") * 2 -> 0 | W429: =SUM(S429+U429+'Star Man'!H27) -> 8 | X429: =SUM(T429+V429+'Star Man'!P27) -> 3 | Y429: =W429+Y428 -> 155 | Z429: =X429+Z428 -> 154 | AA429: =IF(COUNTA(W227:X236)=ROWS(W227:X236)*COLUMNS(W227:X236), 1, "") -> 1 | AB429: GW23 | AC429: =IF(ISNA(AE429), NA(), SUM($AE$407:AE429)) -> 155 | AD429: =IF(ISNA(AF429), NA(), SUM($AF$407:AF429)) -> 154 | AE429: =IF(AA429=1, Y429 - IF(ROW()=407, 0, Y428), NA()) -> 8 | AF429: =IF(AA429=1, Z429 - IF(ROW()=407, 0, Z428), NA()) -> 3 | AH429: =S429+U429 -> 4 | AI429: =T429+V429 -> 3
H430: GW4 M2 | I430: =IF(AND(E38<>"",F38<>"",Predictions!W38<>"",Predictions!X38<>"",E38=Predictions!W38,F38=Predictions!X38),"Correct","Incorrect") -> Incorrect | J430: =IF(AND(N38<>"",O38<>"",Predictions!W38<>"",Predictions!X38<>"",N38=Predictions!W38,O38=Predictions!X38),"Correct","Incorrect") -> Incorrect | K430: =IF(AND(E38<>"",F38<>"",Predictions!W38<>"",Predictions!X38<>""), IF(SIGN(E38-F38)=SIGN(Predictions!W38-Predictions!X38), 1, 0), 0) -> 1 | L430: =IF(AND(N38<>"",O38<>"",Predictions!W38<>"",Predictions!X38<>""), IF(SIGN(N38-O38)=SIGN(Predictions!W38-Predictions!X38), 1, 0), 0) -> 1 | M430: =IF(AND(AF38<>"",AG38<>"",Predictions!W38<>"",Predictions!X38<>"",AF38=Predictions!W38,AG38=Predictions!X38),"Correct","Incorrect") -> Incorrect | N430: =IF(AND(AF38<>"",AG38<>"",Predictions!W38<>"",Predictions!X38<>""), IF(SIGN(AF38-AG38)=SIGN(Predictions!W38-Predictions!X38), 1, 0), 0) -> 1 | R430: 24 | S430: =SUM(K629:K638) -> 6 | T430: =SUM(L629:L638) -> 8 | U430: =COUNTIF(I629:I638, "Correct") * 2 -> 2 | V430: =COUNTIF(J629:J638, "Correct") * 2 -> 4 | W430: =SUM(S430+U430+'Star Man'!H28) -> 8 | X430: =SUM(T430+V430+'Star Man'!P28) -> 12 | Y430: =W430+Y429 -> 163 | Z430: =X430+Z429 -> 166 | AA430: =IF(COUNTA(W237:X246)=ROWS(W237:X246)*COLUMNS(W237:X246), 1, "") -> 1 | AB430: GW24 | AC430: =IF(ISNA(AE430), NA(), SUM($AE$407:AE430)) -> 163 | AD430: =IF(ISNA(AF430), NA(), SUM($AF$407:AF430)) -> 166 | AE430: =IF(AA430=1, Y430 - IF(ROW()=407, 0, Y429), NA()) -> 8 | AF430: =IF(AA430=1, Z430 - IF(ROW()=407, 0, Z429), NA()) -> 12 | AH430: =S430+U430 -> 8 | AI430: =T430+V430 -> 12
H431: GW4 M3 | I431: =IF(AND(E39<>"",F39<>"",Predictions!W39<>"",Predictions!X39<>"",E39=Predictions!W39,F39=Predictions!X39),"Correct","Incorrect") -> Incorrect | J431: =IF(AND(N39<>"",O39<>"",Predictions!W39<>"",Predictions!X39<>"",N39=Predictions!W39,O39=Predictions!X39),"Correct","Incorrect") -> Incorrect | K431: =IF(AND(E39<>"",F39<>"",Predictions!W39<>"",Predictions!X39<>""), IF(SIGN(E39-F39)=SIGN(Predictions!W39-Predictions!X39), 1, 0), 0) -> 0 | L431: =IF(AND(N39<>"",O39<>"",Predictions!W39<>"",Predictions!X39<>""), IF(SIGN(N39-O39)=SIGN(Predictions!W39-Predictions!X39), 1, 0), 0) -> 0 | M431: =IF(AND(AF39<>"",AG39<>"",Predictions!W39<>"",Predictions!X39<>"",AF39=Predictions!W39,AG39=Predictions!X39),"Correct","Incorrect") -> Correct | N431: =IF(AND(AF39<>"",AG39<>"",Predictions!W39<>"",Predictions!X39<>""), IF(SIGN(AF39-AG39)=SIGN(Predictions!W39-Predictions!X39), 1, 0), 0) -> 1 | R431: 25 | S431: =SUM(K639:K648) -> 5 | T431: =SUM(L639:L648) -> 3 | U431: =COUNTIF(I639:I648, "Correct") * 2 -> 2 | V431: =COUNTIF(J639:J648, "Correct") * 2 -> 0 | W431: =SUM(S431+U431+'Star Man'!H29) -> 10 | X431: =SUM(T431+V431+'Star Man'!P29) -> 3 | Y431: =W431+Y430 -> 173 | Z431: =X431+Z430 -> 169 | AA431: =IF(COUNTA(W247:X256)=ROWS(W247:X256)*COLUMNS(W247:X256), 1, "") -> 1 | AB431: GW25 | AC431: =IF(ISNA(AE431), NA(), SUM($AE$407:AE431)) -> 173 | AD431: =IF(ISNA(AF431), NA(), SUM($AF$407:AF431)) -> 169 | AE431: =IF(AA431=1, Y431 - IF(ROW()=407, 0, Y430), NA()) -> 10 | AF431: =IF(AA431=1, Z431 - IF(ROW()=407, 0, Z430), NA()) -> 3 | AH431: =S431+U431 -> 7 | AI431: =T431+V431 -> 3
H432: GW4 M4 | I432: =IF(AND(E40<>"",F40<>"",Predictions!W40<>"",Predictions!X40<>"",E40=Predictions!W40,F40=Predictions!X40),"Correct","Incorrect") -> Incorrect | J432: =IF(AND(N40<>"",O40<>"",Predictions!W40<>"",Predictions!X40<>"",N40=Predictions!W40,O40=Predictions!X40),"Correct","Incorrect") -> Incorrect | K432: =IF(AND(E40<>"",F40<>"",Predictions!W40<>"",Predictions!X40<>""), IF(SIGN(E40-F40)=SIGN(Predictions!W40-Predictions!X40), 1, 0), 0) -> 1 | L432: =IF(AND(N40<>"",O40<>"",Predictions!W40<>"",Predictions!X40<>""), IF(SIGN(N40-O40)=SIGN(Predictions!W40-Predictions!X40), 1, 0), 0) -> 1 | M432: =IF(AND(AF40<>"",AG40<>"",Predictions!W40<>"",Predictions!X40<>"",AF40=Predictions!W40,AG40=Predictions!X40),"Correct","Incorrect") -> Incorrect | N432: =IF(AND(AF40<>"",AG40<>"",Predictions!W40<>"",Predictions!X40<>""), IF(SIGN(AF40-AG40)=SIGN(Predictions!W40-Predictions!X40), 1, 0), 0) -> 1 | R432: 26 | S432: =SUM(K649:K658) -> 3 | T432: =SUM(L649:L658) -> 2 | U432: =COUNTIF(I649:I658, "Correct") * 2 -> 0 | V432: =COUNTIF(J649:J658, "Correct") * 2 -> 2 | W432: =SUM(S432+U432+'Star Man'!H30) -> 4 | X432: =SUM(T432+V432+'Star Man'!P30) -> 4 | Y432: =W432+Y431 -> 177 | Z432: =X432+Z431 -> 173 | AA432: =IF(COUNTA(W257:X266)=ROWS(W257:X266)*COLUMNS(W257:X266), 1, "") -> 1 | AB432: GW26 | AC432: =IF(ISNA(AE432), NA(), SUM($AE$407:AE432)) -> 177 | AD432: =IF(ISNA(AF432), NA(), SUM($AF$407:AF432)) -> 173 | AE432: =IF(AA432=1, Y432 - IF(ROW()=407, 0, Y431), NA()) -> 4 | AF432: =IF(AA432=1, Z432 - IF(ROW()=407, 0, Z431), NA()) -> 4 | AH432: =S432+U432 -> 3 | AI432: =T432+V432 -> 4
H433: GW4 M5 | I433: =IF(AND(E41<>"",F41<>"",Predictions!W41<>"",Predictions!X41<>"",E41=Predictions!W41,F41=Predictions!X41),"Correct","Incorrect") -> Incorrect | J433: =IF(AND(N41<>"",O41<>"",Predictions!W41<>"",Predictions!X41<>"",N41=Predictions!W41,O41=Predictions!X41),"Correct","Incorrect") -> Incorrect | K433: =IF(AND(E41<>"",F41<>"",Predictions!W41<>"",Predictions!X41<>""), IF(SIGN(E41-F41)=SIGN(Predictions!W41-Predictions!X41), 1, 0), 0) -> 0 | L433: =IF(AND(N41<>"",O41<>"",Predictions!W41<>"",Predictions!X41<>""), IF(SIGN(N41-O41)=SIGN(Predictions!W41-Predictions!X41), 1, 0), 0) -> 1 | M433: =IF(AND(AF41<>"",AG41<>"",Predictions!W41<>"",Predictions!X41<>"",AF41=Predictions!W41,AG41=Predictions!X41),"Correct","Incorrect") -> Correct | N433: =IF(AND(AF41<>"",AG41<>"",Predictions!W41<>"",Predictions!X41<>""), IF(SIGN(AF41-AG41)=SIGN(Predictions!W41-Predictions!X41), 1, 0), 0) -> 1 | R433: 27 | S433: =SUM(K659:K668) -> 4 | T433: =SUM(L659:L668) -> 5 | U433: =COUNTIF(I659:I668, "Correct") * 2 -> 4 | V433: =COUNTIF(J659:J668, "Correct") * 2 -> 2 | W433: =SUM(S433+U433+'Star Man'!H31) -> 8 | X433: =SUM(T433+V433+'Star Man'!P31) -> 7 | Y433: =W433+Y432 -> 185 | Z433: =X433+Z432 -> 180 | AA433: =IF(COUNTA(W267:X276)=ROWS(W267:X276)*COLUMNS(W267:X276), 1, "") -> 1 | AB433: GW27 | AC433: =IF(ISNA(AE433), NA(), SUM($AE$407:AE433)) -> 185 | AD433: =IF(ISNA(AF433), NA(), SUM($AF$407:AF433)) -> 180 | AE433: =IF(AA433=1, Y433 - IF(ROW()=407, 0, Y432), NA()) -> 8 | AF433: =IF(AA433=1, Z433 - IF(ROW()=407, 0, Z432), NA()) -> 7 | AH433: =S433+U433 -> 8 | AI433: =T433+V433 -> 7
H434: GW4 M6 | I434: =IF(AND(E42<>"",F42<>"",Predictions!W42<>"",Predictions!X42<>"",E42=Predictions!W42,F42=Predictions!X42),"Correct","Incorrect") -> Incorrect | J434: =IF(AND(N42<>"",O42<>"",Predictions!W42<>"",Predictions!X42<>"",N42=Predictions!W42,O42=Predictions!X42),"Correct","Incorrect") -> Incorrect | K434: =IF(AND(E42<>"",F42<>"",Predictions!W42<>"",Predictions!X42<>""), IF(SIGN(E42-F42)=SIGN(Predictions!W42-Predictions!X42), 1, 0), 0) -> 0 | L434: =IF(AND(N42<>"",O42<>"",Predictions!W42<>"",Predictions!X42<>""), IF(SIGN(N42-O42)=SIGN(Predictions!W42-Predictions!X42), 1, 0), 0) -> 0 | M434: =IF(AND(AF42<>"",AG42<>"",Predictions!W42<>"",Predictions!X42<>"",AF42=Predictions!W42,AG42=Predictions!X42),"Correct","Incorrect") -> Correct | N434: =IF(AND(AF42<>"",AG42<>"",Predictions!W42<>"",Predictions!X42<>""), IF(SIGN(AF42-AG42)=SIGN(Predictions!W42-Predictions!X42), 1, 0), 0) -> 1 | R434: 28 | S434: =SUM(K669:K678) -> 8 | T434: =SUM(L669:L678) -> 5 | U434: =COUNTIF(I669:I678, "Correct") * 2 -> 8 | V434: =COUNTIF(J669:J678, "Correct") * 2 -> 2 | W434: =SUM(S434+U434+'Star Man'!H32) -> 16 | X434: =SUM(T434+V434+'Star Man'!P32) -> 7 | Y434: =W434+Y433 -> 201 | Z434: =X434+Z433 -> 187 | AA434: =IF(COUNTA(W277:X286)=ROWS(W277:X286)*COLUMNS(W277:X286), 1, "") -> 1 | AB434: GW28 | AC434: =IF(ISNA(AE434), NA(), SUM($AE$407:AE434)) -> 201 | AD434: =IF(ISNA(AF434), NA(), SUM($AF$407:AF434)) -> 187 | AE434: =IF(AA434=1, Y434 - IF(ROW()=407, 0, Y433), NA()) -> 16 | AF434: =IF(AA434=1, Z434 - IF(ROW()=407, 0, Z433), NA()) -> 7 | AH434: =S434+U434 -> 16 | AI434: =T434+V434 -> 7
H435: GW4 M7 | I435: =IF(AND(E43<>"",F43<>"",Predictions!W43<>"",Predictions!X43<>"",E43=Predictions!W43,F43=Predictions!X43),"Correct","Incorrect") -> Incorrect | J435: =IF(AND(N43<>"",O43<>"",Predictions!W43<>"",Predictions!X43<>"",N43=Predictions!W43,O43=Predictions!X43),"Correct","Incorrect") -> Incorrect | K435: =IF(AND(E43<>"",F43<>"",Predictions!W43<>"",Predictions!X43<>""), IF(SIGN(E43-F43)=SIGN(Predictions!W43-Predictions!X43), 1, 0), 0) -> 1 | L435: =IF(AND(N43<>"",O43<>"",Predictions!W43<>"",Predictions!X43<>""), IF(SIGN(N43-O43)=SIGN(Predictions!W43-Predictions!X43), 1, 0), 0) -> 0 | M435: =IF(AND(AF43<>"",AG43<>"",Predictions!W43<>"",Predictions!X43<>"",AF43=Predictions!W43,AG43=Predictions!X43),"Correct","Incorrect") -> Incorrect | N435: =IF(AND(AF43<>"",AG43<>"",Predictions!W43<>"",Predictions!X43<>""), IF(SIGN(AF43-AG43)=SIGN(Predictions!W43-Predictions!X43), 1, 0), 0) -> 0 | R435: 29 | S435: =SUM(K679:K688) -> 3 | T435: =SUM(L679:L688) -> 2 | U435: =COUNTIF(I679:I688, "Correct") * 2 -> 0 | V435: =COUNTIF(J679:J688, "Correct") * 2 -> 0 | W435: =SUM(S435+U435+'Star Man'!H33) -> 3 | X435: =SUM(T435+V435+'Star Man'!P33) -> 2 | Y435: =W435+Y434 -> 204 | Z435: =X435+Z434 -> 189 | AA435: =IF(COUNTA(W287:X296)=ROWS(W287:X296)*COLUMNS(W287:X296), 1, "") -> 1 | AB435: GW29 | AC435: =IF(ISNA(AE435), NA(), SUM($AE$407:AE435)) -> 204 | AD435: =IF(ISNA(AF435), NA(), SUM($AF$407:AF435)) -> 189 | AE435: =IF(AA435=1, Y435 - IF(ROW()=407, 0, Y434), NA()) -> 3 | AF435: =IF(AA435=1, Z435 - IF(ROW()=407, 0, Z434), NA()) -> 2 | AH435: =S435+U435 -> 3 | AI435: =T435+V435 -> 2
H436: GW4 M8 | I436: =IF(AND(E44<>"",F44<>"",Predictions!W44<>"",Predictions!X44<>"",E44=Predictions!W44,F44=Predictions!X44),"Correct","Incorrect") -> Incorrect | J436: =IF(AND(N44<>"",O44<>"",Predictions!W44<>"",Predictions!X44<>"",N44=Predictions!W44,O44=Predictions!X44),"Correct","Incorrect") -> Incorrect | K436: =IF(AND(E44<>"",F44<>"",Predictions!W44<>"",Predictions!X44<>""), IF(SIGN(E44-F44)=SIGN(Predictions!W44-Predictions!X44), 1, 0), 0) -> 1 | L436: =IF(AND(N44<>"",O44<>"",Predictions!W44<>"",Predictions!X44<>""), IF(SIGN(N44-O44)=SIGN(Predictions!W44-Predictions!X44), 1, 0), 0) -> 0 | M436: =IF(AND(AF44<>"",AG44<>"",Predictions!W44<>"",Predictions!X44<>"",AF44=Predictions!W44,AG44=Predictions!X44),"Correct","Incorrect") -> Incorrect | N436: =IF(AND(AF44<>"",AG44<>"",Predictions!W44<>"",Predictions!X44<>""), IF(SIGN(AF44-AG44)=SIGN(Predictions!W44-Predictions!X44), 1, 0), 0) -> 0 | R436: 30 | S436: =SUM(K689:K698) -> 3 | T436: =SUM(L689:L698) -> 4 | U436: =COUNTIF(I689:I698, "Correct") * 2 -> 0 | V436: =COUNTIF(J689:J698, "Correct") * 2 -> 0 | W436: =SUM(S436+U436+'Star Man'!H34) -> 3 | X436: =SUM(T436+V436+'Star Man'!P34) -> 4 | Y436: =W436+Y435 -> 207 | Z436: =X436+Z435 -> 193 | AA436: =IF(COUNTA(W297:X306)=ROWS(W297:X306)*COLUMNS(W297:X306), 1, "") -> 1 | AB436: GW30 | AC436: =IF(ISNA(AE436), NA(), SUM($AE$407:AE436)) -> 207 | AD436: =IF(ISNA(AF436), NA(), SUM($AF$407:AF436)) -> 193 | AE436: =IF(AA436=1, Y436 - IF(ROW()=407, 0, Y435), NA()) -> 3 | AF436: =IF(AA436=1, Z436 - IF(ROW()=407, 0, Z435), NA()) -> 4 | AH436: =S436+U436 -> 3 | AI436: =T436+V436 -> 4
H437: GW4 M9 | I437: =IF(AND(E45<>"",F45<>"",Predictions!W45<>"",Predictions!X45<>"",E45=Predictions!W45,F45=Predictions!X45),"Correct","Incorrect") -> Incorrect | J437: =IF(AND(N45<>"",O45<>"",Predictions!W45<>"",Predictions!X45<>"",N45=Predictions!W45,O45=Predictions!X45),"Correct","Incorrect") -> Incorrect | K437: =IF(AND(E45<>"",F45<>"",Predictions!W45<>"",Predictions!X45<>""), IF(SIGN(E45-F45)=SIGN(Predictions!W45-Predictions!X45), 1, 0), 0) -> 0 | L437: =IF(AND(N45<>"",O45<>"",Predictions!W45<>"",Predictions!X45<>""), IF(SIGN(N45-O45)=SIGN(Predictions!W45-Predictions!X45), 1, 0), 0) -> 1 | M437: =IF(AND(AF45<>"",AG45<>"",Predictions!W45<>"",Predictions!X45<>"",AF45=Predictions!W45,AG45=Predictions!X45),"Correct","Incorrect") -> Correct | N437: =IF(AND(AF45<>"",AG45<>"",Predictions!W45<>"",Predictions!X45<>""), IF(SIGN(AF45-AG45)=SIGN(Predictions!W45-Predictions!X45), 1, 0), 0) -> 1 | R437: 31 | S437: =SUM(K699:K708) -> 2 | T437: =SUM(L699:L708) -> 3 | U437: =COUNTIF(I699:I708, "Correct") * 2 -> 2 | V437: =COUNTIF(J699:J708, "Correct") * 2 -> 0 | W437: =SUM(S437+U437+'Star Man'!H35) -> 4 | X437: =SUM(T437+V437+'Star Man'!P35) -> 3 | Y437: =W437+Y436 -> 211 | Z437: =X437+Z436 -> 196 | AA437: =IF(COUNTA(W307:X316)=ROWS(W307:X316)*COLUMNS(W307:X316), 1, "") -> 1 | AB437: GW31 | AC437: =IF(ISNA(AE437), NA(), SUM($AE$407:AE437)) -> 211 | AD437: =IF(ISNA(AF437), NA(), SUM($AF$407:AF437)) -> 196 | AE437: =IF(AA437=1, Y437 - IF(ROW()=407, 0, Y436), NA()) -> 4 | AF437: =IF(AA437=1, Z437 - IF(ROW()=407, 0, Z436), NA()) -> 3 | AH437: =S437+U437 -> 4 | AI437: =T437+V437 -> 3
H438: GW4 M10 | I438: =IF(AND(E46<>"",F46<>"",Predictions!W46<>"",Predictions!X46<>"",E46=Predictions!W46,F46=Predictions!X46),"Correct","Incorrect") -> Incorrect | J438: =IF(AND(N46<>"",O46<>"",Predictions!W46<>"",Predictions!X46<>"",N46=Predictions!W46,O46=Predictions!X46),"Correct","Incorrect") -> Incorrect | K438: =IF(AND(E46<>"",F46<>"",Predictions!W46<>"",Predictions!X46<>""), IF(SIGN(E46-F46)=SIGN(Predictions!W46-Predictions!X46), 1, 0), 0) -> 1 | L438: =IF(AND(N46<>"",O46<>"",Predictions!W46<>"",Predictions!X46<>""), IF(SIGN(N46-O46)=SIGN(Predictions!W46-Predictions!X46), 1, 0), 0) -> 1 | M438: =IF(AND(AF46<>"",AG46<>"",Predictions!W46<>"",Predictions!X46<>"",AF46=Predictions!W46,AG46=Predictions!X46),"Correct","Incorrect") -> Incorrect | N438: =IF(AND(AF46<>"",AG46<>"",Predictions!W46<>"",Predictions!X46<>""), IF(SIGN(AF46-AG46)=SIGN(Predictions!W46-Predictions!X46), 1, 0), 0) -> 0 | R438: 32 | S438: =SUM(K709:K718) -> 5 | T438: =SUM(L709:L718) -> 4 | U438: =COUNTIF(I709:I718, "Correct") * 2 -> 2 | V438: =COUNTIF(J709:J718, "Correct") * 2 -> 4 | W438: =SUM(S438+U438+'Star Man'!H36) -> 7 | X438: =SUM(T438+V438+'Star Man'!P36) -> 9 | Y438: =W438+Y437 -> 218 | Z438: =X438+Z437 -> 205 | AA438: =IF(COUNTA(W317:X326)=ROWS(W317:X326)*COLUMNS(W317:X326), 1, "") -> 1 | AB438: GW32 | AC438: =IF(ISNA(AE438), NA(), SUM($AE$407:AE438)) -> 218 | AD438: =IF(ISNA(AF438), NA(), SUM($AF$407:AF438)) -> 205 | AE438: =IF(AA438=1, Y438 - IF(ROW()=407, 0, Y437), NA()) -> 7 | AF438: =IF(AA438=1, Z438 - IF(ROW()=407, 0, Z437), NA()) -> 9 | AH438: =S438+U438 -> 7 | AI438: =T438+V438 -> 8
H439: GW5 M1 | I439: =IF(AND(E47<>"",F47<>"",Predictions!W47<>"",Predictions!X47<>"",E47=Predictions!W47,F47=Predictions!X47),"Correct","Incorrect") -> Incorrect | J439: =IF(AND(N47<>"",O47<>"",Predictions!W47<>"",Predictions!X47<>"",N47=Predictions!W47,O47=Predictions!X47),"Correct","Incorrect") -> Incorrect | K439: =IF(AND(E47<>"",F47<>"",Predictions!W47<>"",Predictions!X47<>""), IF(SIGN(E47-F47)=SIGN(Predictions!W47-Predictions!X47), 1, 0), 0) -> 0 | L439: =IF(AND(N47<>"",O47<>"",Predictions!W47<>"",Predictions!X47<>""), IF(SIGN(N47-O47)=SIGN(Predictions!W47-Predictions!X47), 1, 0), 0) -> 1 | M439: =IF(AND(AF47<>"",AG47<>"",Predictions!W47<>"",Predictions!X47<>"",AF47=Predictions!W47,AG47=Predictions!X47),"Correct","Incorrect") -> Incorrect | N439: =IF(AND(AF47<>"",AG47<>"",Predictions!W47<>"",Predictions!X47<>""), IF(SIGN(AF47-AG47)=SIGN(Predictions!W47-Predictions!X47), 1, 0), 0) -> 0 | R439: 33 | S439: =SUM(K719:K728) -> 4 | T439: =SUM(L719:L728) -> 5 | U439: =COUNTIF(I719:I728, "Correct") * 2 -> 2 | V439: =COUNTIF(J719:J728, "Correct") * 2 -> 2 | W439: =SUM(S439+U439+'Star Man'!H37) -> 6 | X439: =SUM(T439+V439+'Star Man'!P37) -> 7 | Y439: =W439+Y438 -> 224 | Z439: =X439+Z438 -> 212 | AA439: =IF(COUNTA(W327:X336)=ROWS(W327:X336)*COLUMNS(W327:X336), 1, "") -> 1 | AB439: GW33 | AC439: =IF(ISNA(AE439), NA(), SUM($AE$407:AE439)) -> 224 | AD439: =IF(ISNA(AF439), NA(), SUM($AF$407:AF439)) -> 212 | AE439: =IF(AA439=1, Y439 - IF(ROW()=407, 0, Y438), NA()) -> 6 | AF439: =IF(AA439=1, Z439 - IF(ROW()=407, 0, Z438), NA()) -> 7 | AH439: =S439+U439 -> 6 | AI439: =T439+V439 -> 7
H440: GW5 M2 | I440: =IF(AND(E48<>"",F48<>"",Predictions!W48<>"",Predictions!X48<>"",E48=Predictions!W48,F48=Predictions!X48),"Correct","Incorrect") -> Incorrect | J440: =IF(AND(N48<>"",O48<>"",Predictions!W48<>"",Predictions!X48<>"",N48=Predictions!W48,O48=Predictions!X48),"Correct","Incorrect") -> Incorrect | K440: =IF(AND(E48<>"",F48<>"",Predictions!W48<>"",Predictions!X48<>""), IF(SIGN(E48-F48)=SIGN(Predictions!W48-Predictions!X48), 1, 0), 0) -> 0 | L440: =IF(AND(N48<>"",O48<>"",Predictions!W48<>"",Predictions!X48<>""), IF(SIGN(N48-O48)=SIGN(Predictions!W48-Predictions!X48), 1, 0), 0) -> 0 | M440: =IF(AND(AF48<>"",AG48<>"",Predictions!W48<>"",Predictions!X48<>"",AF48=Predictions!W48,AG48=Predictions!X48),"Correct","Incorrect") -> Incorrect | N440: =IF(AND(AF48<>"",AG48<>"",Predictions!W48<>"",Predictions!X48<>""), IF(SIGN(AF48-AG48)=SIGN(Predictions!W48-Predictions!X48), 1, 0), 0) -> 1 | R440: 34 | S440: =SUM(K729:K738) -> 4 | T440: =SUM(L729:L738) -> 4 | U440: =COUNTIF(I729:I738, "Correct") * 2 -> 0 | V440: =COUNTIF(J729:J738, "Correct") * 2 -> 0 | W440: =SUM(S440+U440+'Star Man'!H38) -> 4 | X440: =SUM(T440+V440+'Star Man'!P38) -> 5 | Y440: =W440+Y439 -> 228 | Z440: =X440+Z439 -> 217 | AA440: =IF(COUNTA(W337:X346)=ROWS(W337:X346)*COLUMNS(W337:X346), 1, "") -> 1 | AB440: GW34 | AC440: =IF(ISNA(AE440), NA(), SUM($AE$407:AE440)) -> 228 | AD440: =IF(ISNA(AF440), NA(), SUM($AF$407:AF440)) -> 217 | AE440: =IF(AA440=1, Y440 - IF(ROW()=407, 0, Y439), NA()) -> 4 | AF440: =IF(AA440=1, Z440 - IF(ROW()=407, 0, Z439), NA()) -> 5 | AH440: =S440+U440 -> 4 | AI440: =T440+V440 -> 4
H441: GW5 M3 | I441: =IF(AND(E49<>"",F49<>"",Predictions!W49<>"",Predictions!X49<>"",E49=Predictions!W49,F49=Predictions!X49),"Correct","Incorrect") -> Incorrect | J441: =IF(AND(N49<>"",O49<>"",Predictions!W49<>"",Predictions!X49<>"",N49=Predictions!W49,O49=Predictions!X49),"Correct","Incorrect") -> Incorrect | K441: =IF(AND(E49<>"",F49<>"",Predictions!W49<>"",Predictions!X49<>""), IF(SIGN(E49-F49)=SIGN(Predictions!W49-Predictions!X49), 1, 0), 0) -> 1 | L441: =IF(AND(N49<>"",O49<>"",Predictions!W49<>"",Predictions!X49<>""), IF(SIGN(N49-O49)=SIGN(Predictions!W49-Predictions!X49), 1, 0), 0) -> 0 | M441: =IF(AND(AF49<>"",AG49<>"",Predictions!W49<>"",Predictions!X49<>"",AF49=Predictions!W49,AG49=Predictions!X49),"Correct","Incorrect") -> Incorrect | N441: =IF(AND(AF49<>"",AG49<>"",Predictions!W49<>"",Predictions!X49<>""), IF(SIGN(AF49-AG49)=SIGN(Predictions!W49-Predictions!X49), 1, 0), 0) -> 0 | R441: 35 | S441: =SUM(K739:K748) -> 4 | T441: =SUM(L739:L748) -> 4 | U441: =COUNTIF(I739:I748, "Correct") * 2 -> 0 | V441: =COUNTIF(J739:J748, "Correct") * 2 -> 0 | W441: =SUM(S441+U441+'Star Man'!H39) -> 3 | X441: =SUM(T441+V441+'Star Man'!P39) -> 4 | Y441: =W441+Y440 -> 231 | Z441: =X441+Z440 -> 221 | AA441: =IF(COUNTA(W347:X356)=ROWS(W347:X356)*COLUMNS(W347:X356), 1, "") -> 1 | AB441: GW35 | AC441: =IF(ISNA(AE441), NA(), SUM($AE$407:AE441)) -> 231 | AD441: =IF(ISNA(AF441), NA(), SUM($AF$407:AF441)) -> 221 | AE441: =IF(AA441=1, Y441 - IF(ROW()=407, 0, Y440), NA()) -> 3 | AF441: =IF(AA441=1, Z441 - IF(ROW()=407, 0, Z440), NA()) -> 4 | AH441: =S441+U441 -> 4 | AI441: =T441+V441 -> 4
H442: GW5 M4 | I442: =IF(AND(E50<>"",F50<>"",Predictions!W50<>"",Predictions!X50<>"",E50=Predictions!W50,F50=Predictions!X50),"Correct","Incorrect") -> Incorrect | J442: =IF(AND(N50<>"",O50<>"",Predictions!W50<>"",Predictions!X50<>"",N50=Predictions!W50,O50=Predictions!X50),"Correct","Incorrect") -> Incorrect | K442: =IF(AND(E50<>"",F50<>"",Predictions!W50<>"",Predictions!X50<>""), IF(SIGN(E50-F50)=SIGN(Predictions!W50-Predictions!X50), 1, 0), 0) -> 0 | L442: =IF(AND(N50<>"",O50<>"",Predictions!W50<>"",Predictions!X50<>""), IF(SIGN(N50-O50)=SIGN(Predictions!W50-Predictions!X50), 1, 0), 0) -> 0 | M442: =IF(AND(AF50<>"",AG50<>"",Predictions!W50<>"",Predictions!X50<>"",AF50=Predictions!W50,AG50=Predictions!X50),"Correct","Incorrect") -> Incorrect | N442: =IF(AND(AF50<>"",AG50<>"",Predictions!W50<>"",Predictions!X50<>""), IF(SIGN(AF50-AG50)=SIGN(Predictions!W50-Predictions!X50), 1, 0), 0) -> 1 | R442: 36 | S442: =SUM(K749:K758) -> 0 | T442: =SUM(L749:L758) -> 0 | U442: =COUNTIF(I749:I758, "Correct") * 2 -> 0 | V442: =COUNTIF(J749:J758, "Correct") * 2 -> 0 | W442: =SUM(S442+U442+'Star Man'!H40) -> 0 | X442: =SUM(T442+V442+'Star Man'!P40) -> 0 | Y442: =W442+Y441 -> 231 | Z442: =X442+Z441 -> 221 | AA442: =IF(COUNTA(W357:X366)=ROWS(W357:X366)*COLUMNS(W357:X366), 1, "") | AB442: GW36 | AC442: =IF(ISNA(AE442), NA(), SUM($AE$407:AE442)) -> #N/A | AD442: =IF(ISNA(AF442), NA(), SUM($AF$407:AF442)) -> #N/A | AE442: =IF(AA442=1, Y442 - IF(ROW()=407, 0, Y441), NA()) -> #N/A | AF442: =IF(AA442=1, Z442 - IF(ROW()=407, 0, Z441), NA()) -> #N/A | AH442: =S442+U442 -> 0 | AI442: =T442+V442 -> 0
H443: GW5 M5 | I443: =IF(AND(E51<>"",F51<>"",Predictions!W51<>"",Predictions!X51<>"",E51=Predictions!W51,F51=Predictions!X51),"Correct","Incorrect") -> Incorrect | J443: =IF(AND(N51<>"",O51<>"",Predictions!W51<>"",Predictions!X51<>"",N51=Predictions!W51,O51=Predictions!X51),"Correct","Incorrect") -> Incorrect | K443: =IF(AND(E51<>"",F51<>"",Predictions!W51<>"",Predictions!X51<>""), IF(SIGN(E51-F51)=SIGN(Predictions!W51-Predictions!X51), 1, 0), 0) -> 0 | L443: =IF(AND(N51<>"",O51<>"",Predictions!W51<>"",Predictions!X51<>""), IF(SIGN(N51-O51)=SIGN(Predictions!W51-Predictions!X51), 1, 0), 0) -> 0 | M443: =IF(AND(AF51<>"",AG51<>"",Predictions!W51<>"",Predictions!X51<>"",AF51=Predictions!W51,AG51=Predictions!X51),"Correct","Incorrect") -> Incorrect | N443: =IF(AND(AF51<>"",AG51<>"",Predictions!W51<>"",Predictions!X51<>""), IF(SIGN(AF51-AG51)=SIGN(Predictions!W51-Predictions!X51), 1, 0), 0) -> 0 | R443: 37 | S443: =SUM(K759:K768) -> 0 | T443: =SUM(L759:L768) -> 0 | U443: =COUNTIF(I759:I768, "Correct") * 2 -> 0 | V443: =COUNTIF(J759:J768, "Correct") * 2 -> 0 | W443: =SUM(S443+U443+'Star Man'!H41) -> 0 | X443: =SUM(T443+V443+'Star Man'!P41) -> 0 | Y443: =W443+Y442 -> 231 | Z443: =X443+Z442 -> 221 | AA443: =IF(COUNTA(W367:X376)=ROWS(W367:X376)*COLUMNS(W367:X376), 1, "") | AB443: GW37 | AC443: =IF(ISNA(AE443), NA(), SUM($AE$407:AE443)) -> #N/A | AD443: =IF(ISNA(AF443), NA(), SUM($AF$407:AF443)) -> #N/A | AE443: =IF(AA443=1, Y443 - IF(ROW()=407, 0, Y442), NA()) -> #N/A | AF443: =IF(AA443=1, Z443 - IF(ROW()=407, 0, Z442), NA()) -> #N/A | AH443: =S443+U443 -> 0 | AI443: =T443+V443 -> 0
H444: GW5 M6 | I444: =IF(AND(E52<>"",F52<>"",Predictions!W52<>"",Predictions!X52<>"",E52=Predictions!W52,F52=Predictions!X52),"Correct","Incorrect") -> Incorrect | J444: =IF(AND(N52<>"",O52<>"",Predictions!W52<>"",Predictions!X52<>"",N52=Predictions!W52,O52=Predictions!X52),"Correct","Incorrect") -> Correct | K444: =IF(AND(E52<>"",F52<>"",Predictions!W52<>"",Predictions!X52<>""), IF(SIGN(E52-F52)=SIGN(Predictions!W52-Predictions!X52), 1, 0), 0) -> 1 | L444: =IF(AND(N52<>"",O52<>"",Predictions!W52<>"",Predictions!X52<>""), IF(SIGN(N52-O52)=SIGN(Predictions!W52-Predictions!X52), 1, 0), 0) -> 1 | M444: =IF(AND(AF52<>"",AG52<>"",Predictions!W52<>"",Predictions!X52<>"",AF52=Predictions!W52,AG52=Predictions!X52),"Correct","Incorrect") -> Correct | N444: =IF(AND(AF52<>"",AG52<>"",Predictions!W52<>"",Predictions!X52<>""), IF(SIGN(AF52-AG52)=SIGN(Predictions!W52-Predictions!X52), 1, 0), 0) -> 1 | R444: 38 | S444: =SUM(K769:K778) -> 0 | T444: =SUM(L769:L778) -> 0 | U444: =COUNTIF(I769:I778, "Correct") * 2 -> 0 | V444: =COUNTIF(J769:J778, "Correct") * 2 -> 0 | W444: =SUM(S444+U444+'Star Man'!H42) -> 0 | X444: =SUM(T444+V444+'Star Man'!P42) -> 0 | Y444: =W444+Y443 -> 231 | Z444: =X444+Z443 -> 221 | AA444: =IF(COUNTA(W377:X386)=ROWS(W377:X386)*COLUMNS(W377:X386), 1, "") | AB444: GW38 | AC444: =IF(ISNA(AE444), NA(), SUM($AE$407:AE444)) -> #N/A | AD444: =IF(ISNA(AF444), NA(), SUM($AF$407:AF444)) -> #N/A | AE444: =IF(AA444=1, Y444 - IF(ROW()=407, 0, Y443), NA()) -> #N/A | AF444: =IF(AA444=1, Z444 - IF(ROW()=407, 0, Z443), NA()) -> #N/A | AH444: =S444+U444 -> 0 | AI444: =T444+V444 -> 0
H445: GW5 M7 | I445: =IF(AND(E53<>"",F53<>"",Predictions!W53<>"",Predictions!X53<>"",E53=Predictions!W53,F53=Predictions!X53),"Correct","Incorrect") -> Incorrect | J445: =IF(AND(N53<>"",O53<>"",Predictions!W53<>"",Predictions!X53<>"",N53=Predictions!W53,O53=Predictions!X53),"Correct","Incorrect") -> Incorrect | K445: =IF(AND(E53<>"",F53<>"",Predictions!W53<>"",Predictions!X53<>""), IF(SIGN(E53-F53)=SIGN(Predictions!W53-Predictions!X53), 1, 0), 0) -> 0 | L445: =IF(AND(N53<>"",O53<>"",Predictions!W53<>"",Predictions!X53<>""), IF(SIGN(N53-O53)=SIGN(Predictions!W53-Predictions!X53), 1, 0), 0) -> 0 | M445: =IF(AND(AF53<>"",AG53<>"",Predictions!W53<>"",Predictions!X53<>"",AF53=Predictions!W53,AG53=Predictions!X53),"Correct","Incorrect") -> Incorrect | N445: =IF(AND(AF53<>"",AG53<>"",Predictions!W53<>"",Predictions!X53<>""), IF(SIGN(AF53-AG53)=SIGN(Predictions!W53-Predictions!X53), 1, 0), 0) -> 0
...

Sheet Star Man
B2: ✭VAS STAR MAN SELECTIONS✭ | J2: ✭TOM STAR MAN SELECTIONS✭
B4: GW | C4: Star Man | D4: #VALUE! | E4: #VALUE! | F4: #VALUE! | G4: #VALUE! | H4: Pts | J4: GW | K4: Star Man | L4: #VALUE! | M4: #VALUE! | N4: #VALUE! | O4: #VALUE! | P4: Pts
B5: 1 | C5: Hugo Ekitike | D5: 1 | E5: 1 | F5: 0 | G5: 0 | H5: =SUM(E79:H79) -> 4 | J5: 1 | K5: Erling Haaland | L5: 2 | M5: 0 | N5: 0 | O5: 0 | P5: =SUM(M79:P79) -> 6
B6: 2 | C6: Chris Wood | D6: 0 | E6: 0 | F6: 0 | G6: 0 | H6: =SUM(E80:H80) -> 0 | J6: 2 | K6: Mohamed Salah | L6: 0 | M6: 1 | N6: 0 | O6: 0 | P6: =SUM(M80:P80) -> 1
B7: 3 | C7: Richarlison | D7: 0 | E7: 0 | F7: 0 | G7: 0 | H7: =SUM(E81:H81) -> 0 | J7: 3 | K7: Joao Pedro | L7: 1 | M7: 0 | N7: 0 | O7: 0 | P7: =SUM(M81:P81) -> 3
B8: 4 | C8: Eberechi Eze | D8: 0 | E8: 1 | F8: 0 | G8: 0 | H8: =SUM(E82:H82) -> 1 | J8: 4 | K8: Viktor Gyokeres | L8: 1 | M8: 0 | N8: 0 | O8: 0 | P8: =SUM(M82:P82) -> 3
B9: 5 | C9: Jean-Philipe Mateta | D9: 1 | E9: 0 | F9: 0 | G9: 0 | H9: =SUM(E83:H83) -> 3 | J9: 5 | K9: Alexander Isak | L9: 0 | M9: 0 | N9: 0 | O9: 0 | P9: =SUM(M83:P83) -> 0
B10: 6 | C10: Antoine Semenyo | D10: 1 | E10: 0 | F10: 0 | G10: 0 | H10: =SUM(E84:H84) -> 3 | J10: 6 | K10: Bruno Fernandes | L10: 0 | M10: 0 | N10: 1 | O10: 0 | P10: =SUM(M84:P84) -> -1
B11: 7 | C11: Justin Kluivert | D11: 1 | E11: 0 | F11: 0 | G11: 0 | H11: =SUM(E85:H85) -> 3 | J11: 7 | K11: Jaidon Anthony | L11: 0 | M11: 0 | N11: 0 | O11: 0 | P11: =SUM(M85:P85) -> 0
B12: 8 | C12: Noah Okafor | D12: 0 | E12: 0 | F12: 0 | G12: 0 | H12: =SUM(E86:H86) -> 0 | J12: 8 | K12: Nick Woltemade | L12: 1 | M12: 0 | N12: 0 | O12: 0 | P12: =SUM(M86:P86) -> 3
B13: 9 | C13: Lesley Ugochukwu | D13: 0 | E13: 0 | F13: 0 | G13: 0 | H13: =SUM(E87:H87) -> 0 | J13: 9 | K13: Jarrad Bowen | L13: 0 | M13: 1 | N13: 0 | O13: 0 | P13: =SUM(M87:P87) -> 1
B14: 10 | C14: Bukayo Saka | D14: 0 | E14: 0 | F14: 0 | G14: 0 | H14: =SUM(E88:H88) -> 0 | J14: 10 | K14: Bryan Mbuembo | L14: 0 | M14: 0 | N14: 0 | O14: 0 | P14: =SUM(M88:P88) -> 0
B15: 11 | C15: Ismaïla Sarr | D15: 0 | E15: 0 | F15: 0 | G15: 0 | H15: =SUM(E89:H89) -> 0 | J15: 11 | K15: Iliman Ndiaye | L15: 0 | M15: 0 | N15: 0 | O15: 0 | P15: =SUM(M89:P89) -> 0
B16: 12 | C16: Evanilson | D16: 0 | E16: 0 | F16: 0 | G16: 0 | H16: =SUM(E90:H90) -> 0 | J16: 12 | K16: Emi Buendia | L16: 0 | M16: 0 | N16: 0 | O16: 0 | P16: =SUM(M90:P90) -> 0
... B39: 35 | C39: Michael Kayode | D39: 0 | E39: 0 | F39: 1 | G39: 0 | H39: =SUM(E113:H113) -> -1 | J39: 35 | K39: Dango Ouattara | L39: 0 | M39: 0 | N39: 0 | O39: 0 | P39: =SUM(M113:P113) -> 0
B40: 36 | C40: Jack Hinshelwood | H40: =SUM(E114:H114) -> 0 | J40: 36 | K40: Andrey Santos | P40: =SUM(M114:P114) -> 0
B41: 37 | H41: =SUM(E115:H115) -> 0 | J41: 37 | P41: =SUM(M115:P115) -> 0
B42: 38 | H42: =SUM(E116:H116) -> 0 | J42: 38 | P42: =SUM(M116:P116) -> 0
R51: VTGP | S51: VTAP | T51: VTYCP | U51: VTRCP | V51: VTSMP | X51: KEY
R52: =SUM(E79:E116) -> 33 | S52: =SUM(F79:F116) -> 6 | T52: =SUM(G79:G116) -> 0 | U52: =SUM(H79:H116) -> -3 | V52: =SUM(R52:U52) -> 36 | X52: VTGP = "Vas Total Goal Points"
X53: TTGP = "Tom Total Goal Points"
R54: TTGP | S54: TTAP | T54: TTYCP | U54: TTRCP | V54: TTSMP | X54: VTAP = "Vas Total Assist Points
R55: =SUM(M79:M116) -> 21 | S55: =SUM(M5:M42) -> 4 | T55: =SUM(N5:N42)*-1 -> -2 | U55: =SUM(O5:O42)*-3 -> 0 | V55: =SUM(R55:U55) -> 23 | X55: TTAP = "Tom Total Assist Points
X56: VTYCP = "Vas Total Yellow Card Points"
X57: TTYCP = "Tom Total Yellow Card Points"
X58: VTRCP = "Vas Total Red Card Points"
X59: TTRCP = "Tom Total Red Card Points"
X60: VTSMP = "Vas Total Star Man Points"
X61: TTSMP = "Tom Total Star Man Points"
D77: Vas Star Man Pts | L77: Tom Star Man Pts | R77: KEY
D78: GW | E78: GP | F78: AP | G78: YCP | H78: RCP | L78: GW | M78: GP | N78: AP | O78: YCP | P78: RCP | R78: GW = "Gameweek"
D79: 1 | E79: =D5*3 -> 3 | F79: =E5 -> 1 | G79: =-1*F5 -> 0 | H79: =-3*G5 -> 0 | L79: 1 | M79: =L5*3 -> 6 | N79: =M5 -> 0 | O79: =-1*N5 -> 0 | P79: =-3*O5 -> 0 | R79: GP = "Goal Points"
D80: 2 | E80: =D6*3 -> 0 | F80: =E6 -> 0 | G80: =-1*F6 -> 0 | H80: =-3*G6 -> 0 | L80: 2 | M80: =L6*3 -> 0 | N80: =M6 -> 1 | O80: =-1*N6 -> 0 | P80: =-3*O6 -> 0 | R80: AP = "Assist Points"
D81: 3 | E81: =D7*3 -> 0 | F81: =E7 -> 0 | G81: =-1*F7 -> 0 | H81: =-3*G7 -> 0 | L81: 3 | M81: =L7*3 -> 3 | N81: =M7 -> 0 | O81: =-1*N7 -> 0 | P81: =-3*O7 -> 0 | R81: YCP = "Yellow Card Points"
D82: 4 | E82: =D8*3 -> 0 | F82: =E8 -> 1 | G82: =-1*F8 -> 0 | H82: =-3*G8 -> 0 | L82: 4 | M82: =L8*3 -> 3 | N82: =M8 -> 0 | O82: =-1*N8 -> 0 | P82: =-3*O8 -> 0 | R82: RCP = "Red Card Points"
D83: 5 | E83: =D9*3 -> 3 | F83: =E9 -> 0 | G83: =-1*F9 -> 0 | H83: =-3*G9 -> 0 | L83: 5 | M83: =L9*3 -> 0 | N83: =M9 -> 0 | O83: =-1*N9 -> 0 | P83: =-3*O9 -> 0
D84: 6 | E84: =D10*3 -> 3 | F84: =E10 -> 0 | G84: =-1*F10 -> 0 | H84: =-3*G10 -> 0 | L84: 6 | M84: =L10*3 -> 0 | N84: =M10 -> 0 | O84: =-1*N10 -> -1 | P84: =-3*O10 -> 0
D85: 7 | E85: =D11*3 -> 3 | F85: =E11 -> 0 | G85: =-1*F11 -> 0 | H85: =-3*G11 -> 0 | L85: 7 | M85: =L11*3 -> 0 | N85: =M11 -> 0 | O85: =-1*N11 -> 0 | P85: =-3*O11 -> 0
D86: 8 | E86: =D12*3 -> 0 | F86: =E12 -> 0 | G86: =-1*F12 -> 0 | H86: =-3*G12 -> 0 | L86: 8 | M86: =L12*3 -> 3 | N86: =M12 -> 0 | O86: =-1*N12 -> 0 | P86: =-3*O12 -> 0
D87: 9 | E87: =D13*3 -> 0 | F87: =E13 -> 0 | G87: =-1*F13 -> 0 | H87: =-3*G13 -> 0 | L87: 9 | M87: =L13*3 -> 0 | N87: =M13 -> 1 | O87: =-1*N13 -> 0 | P87: =-3*O13 -> 0
D88: 10 | E88: =D14*3 -> 0 | F88: =E14 -> 0 | G88: =-1*F14 -> 0 | H88: =-3*G14 -> 0 | L88: 10 | M88: =L14*3 -> 0 | N88: =M14 -> 0 | O88: =-1*N14 -> 0 | P88: =-3*O14 -> 0
D89: 11 | E89: =D15*3 -> 0 | F89: =E15 -> 0 | G89: =-1*F15 -> 0 | H89: =-3*G15 -> 0 | L89: 11 | M89: =L15*3 -> 0 | N89: =M15 -> 0 | O89: =-1*N15 -> 0 | P89: =-3*O15 -> 0
D90: 12 | E90: =D16*3 -> 0 | F90: =E16 -> 0 | G90: =-1*F16 -> 0 | H90: =-3*G16 -> 0 | L90: 12 | M90: =L16*3 -> 0 | N90: =M16 -> 0 | O90: =-1*N16 -> 0 | P90: =-3*O16 -> 0
D91: 13 | E91: =D17*3 -> 0 | F91: =E17 -> 0 | G91: =-1*F17 -> 0 | H91: =-3*G17 -> 0 | L91: 13 | M91: =L17*3 -> 6 | N91: =M17 -> 0 | O91: =-1*N17 -> 0 | P91: =-3*O17 -> 0
D92: 14 | E92: =D18*3 -> 6 | F92: =E18 -> 0 | G92: =-1*F18 -> 0 | H92: =-3*G18 -> 0 | L92: 14 | M92: =L18*3 -> 0 | N92: =M18 -> 0 | O92: =-1*N18 -> 0 | P92: =-3*O18 -> 0
D93: 15 | E93: =D19*3 -> 0 | F93: =E19 -> 0 | G93: =-1*F19 -> 0 | H93: =-3*G19 -> 0 | L93: 15 | M93: =L19*3 -> 0 | N93: =M19 -> 0 | O93: =-1*N19 -> 0 | P93: =-3*O19 -> 0
D94: 16 | E94: =D20*3 -> 3 | F94: =E20 -> 0 | G94: =-1*F20 -> 0 | H94: =-3*G20 -> 0 | L94: 16 | M94: =L20*3 -> 0 | N94: =M20 -> 0 | O94: =-1*N20 -> 0 | P94: =-3*O20 -> 0
... D98: 20 | E98: =D24*3 -> 0 | F98: =E24 -> 1 | G98: =-1*F24 -> 0 | H98: =-3*G24 -> 0 | L98: 20 | M98: =L24*3 -> 0 | N98: =M24 -> 0 | O98: =-1*N24 -> 0 | P98: =-3*O24 -> 0
D99: 21 | E99: =D25*3 -> 0 | F99: =E25 -> 0 | G99: =-1*F25+2 -> 1 | H99: =-3*G25 -> -3 | L99: 21 | M99: =L25*3 -> 0 | N99: =M25 -> 0 | O99: =-1*N25 -> 0 | P99: =-3*O25 -> 0
D100: 22 | E100: =D26*3 -> 3 | F100: =E26 -> 0 | G100: =-1*F26 -> 0 | H100: =-3*G26 -> 0 | L100: 22 | M100: =L26*3 -> 0 | N100: =M26 -> 0 | O100: =-1*N26 -> 0 | P100: =-3*O26 -> 0
D101: 23 | E101: =D27*3 -> 3 | F101: =E27 -> 1 | G101: =-1*F27 -> 0 | H101: =-3*G27 -> 0 | L101: 23 | M101: =L27*3 -> 0 | N101: =M27 -> 0 | O101: =-1*N27 -> 0 | P101: =-3*O27 -> 0
D102: 24 | E102: =D28*3 -> 0 | F102: =E28 -> 0 | G102: =-1*F28 -> 0 | H102: =-3*G28 -> 0 | L102: 24 | M102: =L28*3 -> 0 | N102: =M28 -> 0 | O102: =-1*N28 -> 0 | P102: =-3*O28 -> 0
D103: 25 | E103: =D29*3 -> 3 | F103: =E29 -> 0 | G103: =-1*F29 -> 0 | H103: =-3*G29 -> 0 | L103: 25 | M103: =L29*3 -> 0 | N103: =M29 -> 0 | O103: =-1*N29 -> 0 | P103: =-3*O29 -> 0
D104: 26 | E104: =D30*3 -> 0 | F104: =E30 -> 1 | G104: =-1*F30 -> 0 | H104: =-3*G30 -> 0 | L104: 26 | M104: =L30*3 -> 0 | N104: =M30 -> 0 | O104: =-1*N30 -> 0 | P104: =-3*O30 -> 0
D105: 27 | E105: =D31*3 -> 0 | F105: =E31 -> 0 | G105: =-1*F31 -> 0 | H105: =-3*G31 -> 0 | L105: 27 | M105: =L31*3 -> 0 | N105: =M31 -> 0 | O105: =-1*N31 -> 0 | P105: =-3*O31 -> 0
D106: 28 | E106: =D32*3 -> 0 | F106: =E32 -> 0 | G106: =-1*F32 -> 0 | H106: =-3*G32 -> 0 | L106: 28 | M106: =L32*3 -> 0 | N106: =M32 -> 0 | O106: =-1*N32 -> 0 | P106: =-3*O32 -> 0
D107: 29 | E107: =D33*3 -> 0 | F107: =E33 -> 0 | G107: =-1*F33 -> 0 | H107: =-3*G33 -> 0 | L107: 29 | M107: =L33*3 -> 0 | N107: =M33 -> 0 | O107: =-1*N33 -> 0 | P107: =-3*O33 -> 0
D108: 30 | E108: =D34*3 -> 0 | F108: =E34 -> 0 | G108: =-1*F34 -> 0 | H108: =-3*G34 -> 0 | L108: 30 | M108: =L34*3 -> 0 | N108: =M34 -> 0 | O108: =-1*N34 -> 0 | P108: =-3*O34 -> 0
D109: 31 | E109: =D35*3 -> 0 | F109: =E35 -> 0 | G109: =-1*F35 -> 0 | H109: =-3*G35 -> 0 | L109: 31 | M109: =L35*3 -> 0 | N109: =M35 -> 0 | O109: =-1*N35 -> 0 | P109: =-3*O35 -> 0
D110: 32 | E110: =D36*3 -> 0 | F110: =E36 -> 0 | G110: =-1*F36 -> 0 | H110: =-3*G36 -> 0 | L110: 32 | M110: =L36*3 -> 0 | N110: =M36 -> 1 | O110: =-1*N36 -> 0 | P110: =-3*O36 -> 0
D111: 33 | E111: =D37*3 -> 0 | F111: =E37 -> 0 | G111: =-1*F37 -> 0 | H111: =-3*G37 -> 0 | L111: 33 | M111: =L37*3 -> 0 | N111: =M37 -> 0 | O111: =-1*N37 -> 0 | P111: =-3*O37 -> 0
... D116: 38 | E116: =D42*3 -> 0 | F116: =E42 -> 0 | G116: =-1*F42 -> 0 | H116: =-3*G42 -> 0 | L116: 38 | M116: =L42*3 -> 0 | N116: =M42 -> 0 | O116: =-1*N42 -> 0 | P116: =-3*O42 -> 0

Sheet Correct Scores
B2: VAS CORRECT SCORES | K2: TOM CORRECT SCORES | T2: ABBY CORRECT SCORES
B5: GW1 | C5: Brighton | D5: #VALUE! | E5: 1 | F5: - | G5: 1 | H5: #VALUE! | I5: Fulham | K5: GW5 | L5: Liverpool | M5: #VALUE! | N5: 2 | O5: - | P5: 1 | Q5: #VALUE! | R5: Everton | T5: GW1 | U5: Brighton | V5: #VALUE! | W5: 1 | X5: - | Y5: 1 | Z5: #VALUE! | AA5: Fulham
B6: GW8 | C6: Fulham | D6: =H5 -> #VALUE! | E6: 0 | G6: 1 | H6: =V14 -> #VALUE! | I6: Arsenal | K6: GW5 | L6: West Ham | M6: #VALUE! | N6: 1 | O6: - | P6: 2 | Q6: #VALUE! | R6: Crystal Palace | T6: GW3 | U6: Leeds | V6: #VALUE! | W6: 0 | X6: - | Y6: 0 | Z6: #VALUE! | AA6: Newcastle
B7: GW9 | C7: Bournemouth | D7: =M12 -> #VALUE! | E7: 2 | F7: - | G7: 0 | H7: =Q12 -> #VALUE! | I7: Nottingham Forest | K7: GW6 | L7: Nottingham Forest | M7: =Predictions!V65 -> #VALUE! | N7: 0 | O7: - | P7: 1 | Q7: =Z8 -> #VALUE! | R7: Sunderland | T7: GW4 | U7: Everton | V7: #VALUE! | W7: 0 | X7: - | Y7: 0 | Z7: #VALUE! | AA7: Aston Villa
B8: GW12 | C8: Burnley | D8: =M9 -> #VALUE! | E8: 0 | F8: - | G8: 2 | H8: =Q8 -> #VALUE! | I8: Chelsea | K8: GW8 | L8: Nottingham Forest | M8: =M7 -> #VALUE! | N8: 0 | O8: - | P8: 3 | Q8: =Z10 -> #VALUE! | R8: Chelsea | T8: GW4 | U8: Crystal Palace | V8: #VALUE! | W8: 0 | X8: - | Y8: 0 | Z8: #VALUE! | AA8: Sunderland
B9: GW12 | C9: Wolverhampton | D9: =Q10 -> #VALUE! | E9: 0 | F9: - | G9: 2 | H9: =Q6 -> #VALUE! | I9: Crystal Palace | K9: GW8 | L9: Burnley | M9: =Predictions!V78 -> #VALUE! | N9: 2 | O9: - | P9: 0 | Q9: =V6 -> #VALUE! | R9: Leeds | T9: GW4 | U9: Newcastle | V9: #VALUE! | W9: 1 | X9: - | Y9: 0 | Z9: #VALUE! | AA9: Wolverhampton
B10: GW13 | C10: Nottingham Forest | D10: =H7 -> #VALUE! | E10: 0 | G10: 2 | H10: =D5 -> #VALUE! | I10: Brighton | K10: GW8 | L10: Sunderland | M10: =Z8 -> #VALUE! | N10: 2 | O10: - | P10: 0 | Q10: =Z9 -> #VALUE! | R10: Wolverhampton | T10: GW4 | U10: Brentford | V10: #VALUE! | W10: 2 | X10: - | Y10: 2 | Z10: #VALUE! | AA10: Chelsea
B11: GW16 | C11: Liverpool | D11: =M5 -> #VALUE! | E11: 2 | F11: - | G11: 0 | H11: =H10 -> #VALUE! | I11: Brighton | K11: GW9 | L11: Newcastle | M11: =V9 -> #VALUE! | N11: 2 | O11: - | P11: 1 | Q11: =Z5 -> #VALUE! | R11: Fulham | T11: GW5 | U11: Liverpool | V11: #VALUE! | W11: 2 | X11: - | Y11: 1 | Z11: #VALUE! | AA11: Everton
B12: GW17 | C12: Manchester City | D12: =Predictions!Y161 -> #VALUE! | E12: 3 | F12: - | G12: 0 | H12: =M6 -> #VALUE! | I12: West Ham | K12: GW9 | L12: Bournemouth | M12: =Predictions!V87 -> #VALUE! | N12: 2 | O12: - | P12: 0 | Q12: =M8 -> #VALUE! | R12: Nottingham Forest | T12: GW5 | U12: West Ham | V12: #VALUE! | W12: 1 | X12: - | Y12: 2 | Z12: #VALUE! | AA12: Crystal Palace
B13: GW17 | C13: Wolverhampton | D13: =D9 -> #VALUE! | E13: 0 | F13: - | G13: 2 | H13: =M15 -> #VALUE! | I13: Brentford | K13: GW10 | L13: Burnley | M13: =M9 -> #VALUE! | N13: 0 | O13: - | P13: 2 | Q13: =V14 -> #VALUE! | R13: Arsenal | T13: GW6 | U13: Everton | V13: =Z11 -> #VALUE! | W13: 1 | X13: - | Y13: 1 | Z13: =V12 -> #VALUE! | AA13: West Ham
B14: GW17 | C14: Tottenham | D14: =M18 -> #VALUE! | E14: 1 | F14: - | G14: 2 | H14: =D11 -> #VALUE! | I14: Liverpool | K14: GW11 | L14: Chelsea | M14: =Q8 -> #VALUE! | N14: 3 | O14: - | P14: 0 | Q14: =Q10 -> #VALUE! | R14: Wolverhampton | T14: GW7 | U14: Arsenal | V14: =Predictions!V68 -> #VALUE! | W14: 2 | X14: - | Y14: 0 | Z14: =Z13 -> #VALUE! | AA14: West Ham
B15: GW21 | C15: Fulham | D15: =D6 -> #VALUE! | E15: 2 | F15: - | G15: 1 | H15: =H8 -> #VALUE! | I15: Chelsea | K15: GW13 | L15: Brentford | M15: =V10 -> #VALUE! | N15: 3 | O15: - | P15: 1 | Q15: =M13 -> #VALUE! | R15: Burnley | T15: GW7 | U15: Manchester United | V15: =Predictions!V74 -> #VALUE! | W15: 2 | X15: - | Y15: 0 | Z15: =Z8 -> #VALUE! | AA15: Sunderland
B16: GW22 | C16: Brighton | D16: =D5 -> #VALUE! | E16: 1 | F16: - | G16: 1 | H16: =M12 -> #VALUE! | I16: Bournemouth | K16: GW15 | L16: Newcastle | M16: =M11 -> #VALUE! | N16: 2 | O16: - | P16: 1 | Q16: =Q15 -> #VALUE! | R16: Burnley | T16: GW8 | U16: Tottenham | V16: =Predictions!V85 -> #VALUE! | W16: 1 | X16: - | Y16: 2 | Z16: =Z7 -> #VALUE! | AA16: Aston Villa
B17: GW24 | C17: Wolverhampton | D17: =Q10 -> #VALUE! | E17: 0 | F17: - | G17: 2 | H17: =H16 -> #VALUE! | I17: Bournemouth | K17: GW15 | L17: Fulham | M17: =Q11 -> #VALUE! | N17: 1 | O17: - | P17: 2 | Q17: =Q6 -> #VALUE! | R17: Crystal Palace | T17: GW11 | U17: Crystal Palace | V17: =V8 -> #VALUE! | W17: 0 | X17: - | Y17: 0 | Z17: =V5 -> #VALUE! | AA17: Brighton
B18: GW25 | C18: Bournemouth | D18: =D7 -> #VALUE! | E18: 1 | F18: - | G18: 1 | H18: =Q19 -> #VALUE! | I18: Aston Villa | K18: GW17 | L18: Tottenham | M18: =V16 -> #VALUE! | N18: 1 | O18: - | P18: 2 | Q18: =M5 -> #VALUE! | R18: Liverpool | T18: GW13 | U18: Crystal Palace | V18: =V17 -> #VALUE! | W18: 1 | X18: - | Y18: 2 | Z18: =V15 -> #VALUE! | AA18: Manchester United
B19: GW27 | C19: Crystal Palace | D19: =H9 -> #VALUE! | E19: 1 | F19: - | G19: 0 | H19: =D17 -> #VALUE! | I19: Wolverhampton | K19: GW18 | L19: Chelsea | M19: =Q8 -> #VALUE! | N19: 1 | O19: - | P19: 2 | Q19: =Z16 -> #VALUE! | R19: Aston Villa | T19: GW17 | U19: Bournemouth | V19: =M12 -> #VALUE! | W19: 1 | X19: - | Y19: 1 | Z19: =M9 -> #VALUE! | AA19: Burnley
B20: GW27 | C20: Nottingham Forest | D20: =D10 -> #VALUE! | E20: 0 | F20: - | G20: 1 | H20: =H14 -> #VALUE! | I20: Liverpool | K20: GW19 | L20: Nottingham Forest | M20: =M8 -> #VALUE! | N20: 0 | O20: - | P20: 2 | Q20: =Q5 -> #VALUE! | R20: Everton | T20: GW17 | U20: Brighton | V20: =V5 -> #VALUE! | W20: 0 | X20: - | Y20: 0 | Z20: =Z15 -> #VALUE! | AA20: Sunderland
B21: GW28 | C21: Bournemouth | D21: =D18 -> #VALUE! | E21: 1 | F21: - | G21: 1 | H21: =M10 -> #VALUE! | I21: Sunderland | K21: GW24 | L21: Brighton | M21: =D5 -> #VALUE! | N21: 1 | O21: - | P21: 1 | Q21: =Q20 -> #VALUE! | R21: Everton | T21: GW17 | U21: Wolverhampton | V21: =Z9 -> #VALUE! | W21: 0 | X21: - | Y21: 2 | Z21: =V10 -> #VALUE! | AA21: Brentford
B22: GW28 | C22: Brighton | D22: =D16 -> #VALUE! | E22: 2 | F22: - | G22: 1 | H22: =H7 -> #VALUE! | I22: Nottingham Forest | K22: GW24 | L22: Nottingham Forest | M22: =M8 -> #VALUE! | N22: 1 | O22: - | P22: 1 | Q22: =Q17 -> #VALUE! | R22: Crystal Palace | T22: GW19 | U22: Crystal Palace | V22: =V18 -> #VALUE! | W22: 1 | X22: - | Y22: 1 | Z22: =Z5 -> #VALUE! | AA22: Fulham
B23: GW28 | C23: Fulham | D23: =D6 -> #VALUE! | E23: 2 | F23: - | G23: 1 | H23: =D14 -> #VALUE! | I23: Tottenham | K23: GW26 | L23: Manchester City | M23: =Predictions!V262 -> #VALUE! | N23: 3 | O23: - | P23: 0 | Q23: =M17 -> #VALUE! | R23: Fulham | T23: GW21 | U23: Arsenal | V23: =V14 -> #VALUE! | W23: 0 | X23: - | Y23: 0 | Z23: =V11 -> #VALUE! | AA23: Liverpool
B24: GW28 | C24: Arsenal | D24: =H6 -> #VALUE! | E24: 2 | F24: - | G24: 1 | H24: =H8 -> #VALUE! | I24: Chelsea | K24: GW27 | L24: Nottingham Forest | M24: =M22 -> #VALUE! | N24: 0 | O24: - | P24: 1 | Q24: =Q18 -> #VALUE! | R24: Liverpool | T24: GW22 | U24: Leeds | V24: =V6 -> #VALUE! | W24: 1 | X24: - | Y24: 0 | Z24: =Z22 -> #VALUE! | AA24: Fulham
B25: GW31 | C25: Aston Villa | D25: =H18 -> #VALUE! | E25: 2 | F25: - | G25: 0 | H25: =H12 -> #VALUE! | I25: West Ham | K25: GW28 | L25: Fulham | M25: =Q23 -> #VALUE! | N25: 2 | O25: - | P25: 1 | Q25: =M18 -> #VALUE! | R25: Tottenham | T25: GW24 | U25: Nottingham Forest | V25: =M22 -> #VALUE! | W25: 1 | X25: - | Y25: 1 | Z25: =Z12 -> #VALUE! | AA25: Crystal Palace
B26: GW32 | C26: Chelsea | D26: =H24 -> #VALUE! | E26: 0 | F26: - | G26: 3 | H26: =D12 -> #VALUE! | I26: Manchester City | K26: GW32 | L26: Burnley | M26: =Q16 -> #VALUE! | N26: 0 | O26: - | P26: 2 | Q26: =M21 -> #VALUE! | R26: Brighton | T26: GW26 | U26: Chelsea | V26: =Z10 -> #VALUE! | W26: 2 | X26: - | Y26: 2 | Z26: =V6 -> #VALUE! | AA26: Leeds
B27: GW33 | C27: Leeds | D27: =Q9 -> #VALUE! | E27: 3 | F27: - | G27: 0 | H27: =H19 -> #VALUE! | I27: Wolverhampton | K27: GW32 | L27: Brentford | M27: =M15 -> #VALUE! | N27: 2 | O27: - | P27: 2 | Q27: =Q21 -> #VALUE! | R27: Everton | T27: GW26 | U27: West Ham | V27: =V12 -> #VALUE! | W27: 1 | X27: - | Y27: 1 | Z27: =Z18 -> #VALUE! | AA27: Manchester United
K28: GW33 | L28: Everton | M28: =Q27 -> #VALUE! | N28: 1 | O28: - | P28: 2 | Q28: =Q24 -> #VALUE! | R28: Liverpool | T28: GW27 | U28: Chelsea | V28: =V26 -> #VALUE! | W28: 1 | X28: - | Y28: 1 | Z28: =Z19 -> #VALUE! | AA28: Burnley
T29: GW28 | U29: Bournemouth | V29: =V19 -> #VALUE! | W29: 1 | X29: - | Y29: 1 | Z29: =Z20 -> #VALUE! | AA29: Sunderland
T30: GW28 | U30: Arsenal | V30: =V23 -> #VALUE! | W30: 2 | X30: - | Y30: 1 | Z30: =Z10 -> #VALUE! | AA30: Chelsea
T31: GW30 | U31: Nottingham Forest | V31: =V25 -> #VALUE! | W31: 0 | X31: - | Y31: 0 | Z31: =Z24 -> #VALUE! | AA31: Fulham
T32: GW30 | U32: Liverpool | V32: =Z23 -> #VALUE! | W32: 1 | X32: - | Y32: 1 | Z32: =V16 -> #VALUE! | AA32: Tottenham
T33: GW30 | U33: Burnley | V33: =Z28 -> #VALUE! | W33: 0 | X33: - | Y33: 0 | Z33: =V29 -> #VALUE! | AA33: Bournemouth

Sheet Vas Detailed Stats
C2: GAMEWEEK | D2: GW1 | E2: GW2 | F2: GW3 | G2: GW4 | H2: GW5 | I2: GW6 | J2: GW7 | K2: GW8 | L2: GW9 | M2: GW10 | N2: GW11 | O2: GW12 | P2: GW13 | Q2: GW14 | R2: GW15 | S2: GW16 | T2: GW17 | U2: GW18 | V2: GW19 | W2: GW20 | X2: GW21 | Y2: GW22 | Z2: GW23 | AA2: GW24 | AB2: GW25 | AC2: GW26 | AD2: GW27 | AE2: GW28 | AF2: GW29 | AG2: GW30 | AH2: GW31 | AI2: GW32 | AJ2: GW33 | AK2: GW34 | AL2: GW35 | AM2: GW36 | AN2: GW37 | AO2: GW38
B3: #VALUE! | C3: Vas Ultimate Champion Pts | D3: =Predictions!AE407 -> 11 | E3: =Predictions!AE408 -> 4 | F3: =Predictions!AE409 -> 4 | G3: =Predictions!AE410 -> 6 | H3: =Predictions!AE411 -> 6 | I3: =Predictions!AE412 -> 6 | J3: =Predictions!AE413 -> 7 | K3: =Predictions!AE414 -> 7 | L3: =Predictions!AE415 -> 7 | M3: =Predictions!AE416 -> 5 | N3: =Predictions!AE417 -> 4 | O3: =Predictions!AE418 -> 7 | P3: =Predictions!AE419 -> 7 | Q3: =Predictions!AE420 -> 10 | R3: =Predictions!AE421 -> 4 | S3: =Predictions!AE422 -> 12 | T3: =Predictions!AE423 -> 13 | U3: =Predictions!AE424 -> 9 | V3: =Predictions!AE425 -> 2 | W3: =Predictions!AE426 -> 6 | X3: =Predictions!AE427 -> 4 | Y3: =Predictions!AE428 -> 6 | Z3: =Predictions!AE429 -> 8 | AA3: =Predictions!AE430 -> 8 | AB3: =Predictions!AE431 -> 10 | AC3: =Predictions!AE432 -> 4 | AD3: =Predictions!AE433 -> 8 | AE3: =Predictions!AE434 -> 16 | AF3: =Predictions!AE435 -> 3 | AG3: =Predictions!AE436 -> 3 | AH3: =Predictions!AE437 -> 4 | AI3: =Predictions!AE438 -> 7 | AJ3: =Predictions!AE439 -> 6 | AK3: =Predictions!AE440 -> 4 | AL3: =Predictions!AE441 -> 3 | AM3: =Predictions!AE442 -> #N/A | AN3: =Predictions!AE443 -> #N/A | AO3: =Predictions!AE444 -> #N/A
B4: #VALUE! | C4: Vas Ultimate Champion Total Pts | D4: =D3 -> 11 | E4: =D4+E3 -> 15 | F4: =E4+F3 -> 19 | G4: =F4+G3 -> 25 | H4: =G4+H3 -> 31 | I4: =H4+I3 -> 37 | J4: =I4+J3 -> 44 | K4: =J4+K3 -> 51 | L4: =K4+L3 -> 58 | ... AO4: =AN4+AO3 -> #N/A
B5: #VALUE! | C5: Vas Prediction League Pts | D5: =Predictions!AH407 -> 7 | E5: =Predictions!AH408 -> 4 | F5: =Predictions!AH409 -> 4 | G5: =Predictions!AH410 -> 5 | H5: =Predictions!AH411 -> 3 | I5: =Predictions!AH412 -> 3 | J5: =Predictions!AH413 -> 4 | K5: =Predictions!AH414 -> 7 | L5: =Predictions!AH415 -> 7 | M5: =Predictions!AH416 -> 5 | N5: =Predictions!AH417 -> 4 | O5: =Predictions!AH418 -> 7 | P5: =Predictions!AH419 -> 7 | Q5: =Predictions!AH420 -> 4 | R5: =Predictions!AH421 -> 4 | S5: =Predictions!AH422 -> 9 | T5: =Predictions!AH423 -> 13 | U5: =Predictions!AH424 -> 5 | V5: =Predictions!AH425 -> 2 | W5: =Predictions!AH426 -> 5 | X5: =Predictions!AH427 -> 6 | Y5: =Predictions!AH428 -> 3 | Z5: =Predictions!AH429 -> 4 | AA5: =Predictions!AH430 -> 8 | AB5: =Predictions!AH431 -> 7 | AC5: =Predictions!AH432 -> 3 | AD5: =Predictions!AH433 -> 8 | AE5: =Predictions!AH434 -> 16 | AF5: =Predictions!AH435 -> 3 | AG5: =Predictions!AH436 -> 3 | AH5: =Predictions!AH437 -> 4 | AI5: =Predictions!AH438 -> 7 | AJ5: =Predictions!AH439 -> 6 | AK5: =Predictions!AH440 -> 4 | AL5: =Predictions!AH441 -> 4 | AM5: =Predictions!AH442 -> 0 | AN5: =Predictions!AH443 -> 0 | AO5: =Predictions!AH444 -> 0
B6: #VALUE! | C6: Vas Prediction League Total Pts | D6: =D5 -> 7 | E6: =D6+E5 -> 11 | F6: =E6+F5 -> 15 | G6: =F6+G5 -> 20 | H6: =G6+H5 -> 23 | I6: =H6+I5 -> 26 | J6: =I6+J5 -> 30 | K6: =J6+K5 -> 37 | L6: =K6+L5 -> 44 | ... AO6: =AN6+AO5 -> 195
B7: #VALUE! | C7: Vas Star Man Pts | D7: ='Star Man'!H5 -> 4 | E7: ='Star Man'!H6 -> 0 | F7: ='Star Man'!H7 -> 0 | G7: ='Star Man'!H8 -> 1 | H7: ='Star Man'!H9 -> 3 | I7: ='Star Man'!H10 -> 3 | J7: ='Star Man'!H11 -> 3 | K7: ='Star Man'!H12 -> 0 | L7: ='Star Man'!H13 -> 0 | M7: ='Star Man'!H14 -> 0 | N7: ='Star Man'!H15 -> 0 | O7: ='Star Man'!H16 -> 0 | P7: ='Star Man'!H17 -> 0 | Q7: ='Star Man'!H18 -> 6 | R7: ='Star Man'!H19 -> 0 | S7: ='Star Man'!H20 -> 3 | T7: ='Star Man'!H21 -> 0 | U7: ='Star Man'!H22 -> 4 | V7: ='Star Man'!H23 -> 0 | W7: ='Star Man'!H24 -> 1 | X7: ='Star Man'!H25 -> -2 | Y7: ='Star Man'!H26 -> 3 | Z7: ='Star Man'!H27 -> 4 | AA7: ='Star Man'!H28 -> 0 | AB7: ='Star Man'!H29 -> 3 | AC7: ='Star Man'!H30 -> 1 | AD7: ='Star Man'!H31 -> 0 | AE7: ='Star Man'!H32 -> 0 | AF7: ='Star Man'!H33 -> 0 | AG7: ='Star Man'!H34 -> 0 | AH7: ='Star Man'!H35 -> 0 | AI7: ='Star Man'!H36 -> 0 | AJ7: ='Star Man'!H37 -> 0 | AK7: ='Star Man'!H38 -> 0 | AL7: ='Star Man'!H39 -> -1 | AM7: ='Star Man'!H40 -> 0 | AN7: ='Star Man'!H41 -> 0 | AO7: ='Star Man'!H42 -> 0
B8: #VALUE! | C8: Vas Star Man Total Pts | D8: =D7 -> 4 | E8: =D8+E7 -> 4 | F8: =E8+F7 -> 4 | G8: =F8+G7 -> 5 | H8: =G8+H7 -> 8 | I8: =H8+I7 -> 11 | J8: =I8+J7 -> 14 | K8: =J8+K7 -> 14 | L8: =K8+L7 -> 14 | ... AO8: =AN8+AO7 -> 36
B9: #VALUE! | C9: Vas Correct Scores | D9: =Predictions!U407/2 -> 1 | E9: =Predictions!U408/2 -> 0 | F9: =Predictions!U409/2 -> 0 | G9: =Predictions!U410/2 -> 0 | H9: =Predictions!U411/2 -> 0 | I9: =Predictions!U412/2 -> 0 | J9: =Predictions!U413/2 -> 0 | K9: =Predictions!U414/2 -> 1 | L9: =Predictions!U415/2 -> 1 | M9: =Predictions!U416/2 -> 0 | N9: =Predictions!U417/2 -> 0 | O9: =Predictions!U418/2 -> 2 | P9: =Predictions!U419/2 -> 1 | Q9: =Predictions!U420/2 -> 0 | R9: =Predictions!U421/2 -> 0 | S9: =Predictions!U422/2 -> 1 | T9: =Predictions!U423/2 -> 3 | U9: =Predictions!U424/2 -> 0 | V9: =Predictions!U425/2 -> 0 | W9: =Predictions!U426/2 -> 0 | X9: =Predictions!U427/2 -> 1 | Y9: =Predictions!U428/2 -> 1 | Z9: =Predictions!U429/2 -> 0 | AA9: =Predictions!U430/2 -> 1 | AB9: =Predictions!U431/2 -> 1 | AC9: =Predictions!U432/2 -> 0 | AD9: =Predictions!U433/2 -> 2 | AE9: =Predictions!U434/2 -> 4 | AF9: =Predictions!U435/2 -> 0 | AG9: =Predictions!U436/2 -> 0 | AH9: =Predictions!U437/2 -> 1 | AI9: =Predictions!U438/2 -> 1 | AJ9: =Predictions!U439/2 -> 1 | AK9: =Predictions!U440/2 -> 0 | AL9: =Predictions!U441/2 -> 0 | AM9: =Predictions!U442/2 -> 0 | AN9: =Predictions!U443/2 -> 0 | AO9: =Predictions!U444/2 -> 0
B10: #VALUE! | C10: Vas Total Correct Scores | D10: =D9 -> 1 | E10: =D10+E9 -> 1 | F10: =E10+F9 -> 1 | G10: =F10+G9 -> 1 | H10: =G10+H9 -> 1 | I10: =H10+I9 -> 1 | J10: =I10+J9 -> 1 | K10: =J10+K9 -> 2 | L10: =K10+L9 -> 3 | ... AO10: =AN10+AO9 -> 23
B11: #VALUE! | C11: Vas Correct Results | D11: =Predictions!S407 -> 5 | E11: =Predictions!S408 -> 4 | F11: =Predictions!S409 -> 4 | G11: =Predictions!S410 -> 5 | H11: =Predictions!S411 -> 3 | I11: =Predictions!S412 -> 3 | J11: =Predictions!S413 -> 4 | K11: =Predictions!S414 -> 5 | L11: =Predictions!S415 -> 5 | M11: =Predictions!S416 -> 5 | N11: =Predictions!S417 -> 4 | O11: =Predictions!S418 -> 3 | P11: =Predictions!S419 -> 5 | Q11: =Predictions!S420 -> 4 | R11: =Predictions!S421 -> 4 | S11: =Predictions!S422 -> 7 | T11: =Predictions!S423 -> 7 | U11: =Predictions!S424 -> 5 | V11: =Predictions!S425 -> 2 | W11: =Predictions!S426 -> 5 | X11: =Predictions!S427 -> 4 | Y11: =Predictions!S428 -> 1 | Z11: =Predictions!S429 -> 4 | AA11: =Predictions!S430 -> 6 | AB11: =Predictions!S431 -> 5 | AC11: =Predictions!S432 -> 3 | AD11: =Predictions!S433 -> 4 | AE11: =Predictions!S434 -> 8 | AF11: =Predictions!S435 -> 3 | AG11: =Predictions!S436 -> 3 | AH11: =Predictions!S437 -> 2 | AI11: =Predictions!S438 -> 5 | AJ11: =Predictions!S439 -> 4 | AK11: =Predictions!S440 -> 4 | AL11: =Predictions!S441 -> 4 | AM11: =Predictions!S442 -> 0 | AN11: =Predictions!S443 -> 0 | AO11: =Predictions!S444 -> 0
B12: #VALUE! | C12: Vas Total Correct Results | D12: =D11 -> 5 | E12: =D12+E11 -> 9 | F12: =E12+F11 -> 13 | G12: =F12+G11 -> 18 | H12: =G12+H11 -> 21 | I12: =H12+I11 -> 24 | J12: =I12+J11 -> 28 | K12: =J12+K11 -> 33 | L12: =K12+L11 -> 38 | ... AO12: =AN12+AO11 -> 149
B13: #VALUE! | C13: Vas Star Man Goals | D13: ='Star Man'!D5 -> 1 | E13: ='Star Man'!D6 -> 0 | F13: ='Star Man'!D7 -> 0 | G13: ='Star Man'!D8 -> 0 | H13: ='Star Man'!D9 -> 1 | I13: ='Star Man'!D10 -> 1 | J13: ='Star Man'!D11 -> 1 | K13: ='Star Man'!D12 -> 0 | L13: ='Star Man'!D13 -> 0 | M13: ='Star Man'!D14 -> 0 | N13: ='Star Man'!D15 -> 0 | O13: ='Star Man'!D16 -> 0 | P13: ='Star Man'!D17 -> 0 | Q13: ='Star Man'!D18 -> 2 | R13: ='Star Man'!D19 -> 0 | S13: ='Star Man'!D20 -> 1 | T13: ='Star Man'!D21 -> 0 | U13: ='Star Man'!D22 -> 1 | V13: ='Star Man'!D23 -> 0 | W13: ='Star Man'!D24 -> 0 | X13: ='Star Man'!D25 -> 0 | Y13: ='Star Man'!D26 -> 1 | Z13: ='Star Man'!D27 -> 1 | AA13: ='Star Man'!D28 -> 0 | AB13: ='Star Man'!D29 -> 1 | AC13: ='Star Man'!D30 -> 0 | AD13: ='Star Man'!D31 -> 0 | AE13: ='Star Man'!D32 -> 0 | AF13: ='Star Man'!D33 -> 0 | AG13: ='Star Man'!D34 -> 0 | AH13: ='Star Man'!D35 -> 0 | AI13: ='Star Man'!D36 -> 0 | AJ13: ='Star Man'!D37 -> 0 | AK13: ='Star Man'!D38 -> 0 | AL13: ='Star Man'!D39 -> 0 | AM13: ='Star Man'!D40 -> 0 | AN13: ='Star Man'!D41 -> 0 | AO13: ='Star Man'!D42 -> 0
B14: #VALUE! | C14: Vas Total Star Man Goals | D14: =D13 -> 1 | E14: =D14+E13 -> 1 | F14: =E14+F13 -> 1 | G14: =F14+G13 -> 1 | H14: =G14+H13 -> 2 | I14: =H14+I13 -> 3 | J14: =I14+J13 -> 4 | K14: =J14+K13 -> 4 | L14: =K14+L13 -> 4 | ... AO14: =AN14+AO13 -> 11
B15: #VALUE! | C15: Vas Star Man Assists | D15: ='Star Man'!E5 -> 1 | E15: ='Star Man'!E6 -> 0 | F15: ='Star Man'!E7 -> 0 | G15: ='Star Man'!E8 -> 1 | H15: ='Star Man'!E9 -> 0 | I15: ='Star Man'!E10 -> 0 | J15: ='Star Man'!E11 -> 0 | K15: ='Star Man'!E12 -> 0 | L15: ='Star Man'!E13 -> 0 | M15: ='Star Man'!E14 -> 0 | N15: ='Star Man'!E15 -> 0 | O15: ='Star Man'!E16 -> 0 | P15: ='Star Man'!E17 -> 0 | Q15: ='Star Man'!E18 -> 0 | R15: ='Star Man'!E19 -> 0 | S15: ='Star Man'!E20 -> 0 | T15: ='Star Man'!E21 -> 0 | U15: ='Star Man'!E22 -> 1 | V15: ='Star Man'!E23 -> 0 | W15: ='Star Man'!E24 -> 1 | X15: ='Star Man'!E25 -> 0 | Y15: ='Star Man'!E26 -> 0 | Z15: ='Star Man'!E27 -> 1 | AA15: ='Star Man'!E28 -> 0 | AB15: ='Star Man'!E29 -> 0 | AC15: ='Star Man'!E30 -> 1 | AD15: ='Star Man'!E31 -> 0 | AE15: ='Star Man'!E32 -> 0 | AF15: ='Star Man'!E33 -> 0 | AG15: ='Star Man'!E34 -> 0 | AH15: ='Star Man'!E35 -> 0 | AI15: ='Star Man'!E36 -> 0 | AJ15: ='Star Man'!E37 -> 0 | AK15: ='Star Man'!E38 -> 0 | AL15: ='Star Man'!E39 -> 0 | AM15: ='Star Man'!E40 -> 0 | AN15: ='Star Man'!E41 -> 0 | AO15: ='Star Man'!E42 -> 0
B16: #VALUE! | C16: Vas Total Star Man Assists | D16: =D15 -> 1 | E16: =D16+E15 -> 1 | F16: =E16+F15 -> 1 | G16: =F16+G15 -> 2 | H16: =G16+H15 -> 2 | I16: =H16+I15 -> 2 | J16: =I16+J15 -> 2 | K16: =J16+K15 -> 2 | L16: =K16+L15 -> 2 | ... AO16: =AN16+AO15 -> 6
B17: #VALUE! | C17: Vas Star Man Yellows | D17: ='Star Man'!F5 -> 0 | E17: ='Star Man'!F6 -> 0 | F17: ='Star Man'!F7 -> 0 | G17: ='Star Man'!F8 -> 0 | H17: ='Star Man'!F9 -> 0 | I17: ='Star Man'!F10 -> 0 | J17: ='Star Man'!F11 -> 0 | K17: ='Star Man'!F12 -> 0 | L17: ='Star Man'!F13 -> 0 | M17: ='Star Man'!F14 -> 0 | N17: ='Star Man'!F15 -> 0 | O17: ='Star Man'!F16 -> 0 | P17: ='Star Man'!F17 -> 0 | Q17: ='Star Man'!F18 -> 0 | R17: ='Star Man'!F19 -> 0 | S17: ='Star Man'!F20 -> 0 | T17: ='Star Man'!F21 -> 0 | U17: ='Star Man'!F22 -> 0 | V17: ='Star Man'!F23 -> 0 | W17: ='Star Man'!F24 -> 0 | X17: ='Star Man'!F25 -> 1 | Y17: ='Star Man'!F26 -> 0 | Z17: ='Star Man'!F27 -> 0 | AA17: ='Star Man'!F28 -> 0 | AB17: ='Star Man'!F29 -> 0 | AC17: ='Star Man'!F30 -> 0 | AD17: ='Star Man'!F31 -> 0 | AE17: ='Star Man'!F32 -> 0 | AF17: ='Star Man'!F33 -> 0 | AG17: ='Star Man'!F34 -> 0 | AH17: ='Star Man'!F35 -> 0 | AI17: ='Star Man'!F36 -> 0 | AJ17: ='Star Man'!F37 -> 0 | AK17: ='Star Man'!F38 -> 0 | AL17: ='Star Man'!F39 -> 1 | AM17: ='Star Man'!F40 -> 0 | AN17: ='Star Man'!F41 -> 0 | AO17: ='Star Man'!F42 -> 0
B18: #VALUE! | C18: Vas Total Star Man Yellows | D18: =D17 -> 0 | E18: =D18+E17 -> 0 | F18: =E18+F17 -> 0 | G18: =F18+G17 -> 0 | H18: =G18+H17 -> 0 | I18: =H18+I17 -> 0 | J18: =I18+J17 -> 0 | K18: =J18+K17 -> 0 | L18: =K18+L17 -> 0 | ... AO18: =AN18+AO17 -> 2
B19: #VALUE! | C19: Vas Star Man Reds | D19: ='Star Man'!G5 -> 0 | E19: ='Star Man'!G6 -> 0 | F19: ='Star Man'!G7 -> 0 | G19: ='Star Man'!G8 -> 0 | H19: ='Star Man'!G9 -> 0 | I19: ='Star Man'!G10 -> 0 | J19: ='Star Man'!G11 -> 0 | K19: ='Star Man'!G12 -> 0 | L19: ='Star Man'!G13 -> 0 | M19: ='Star Man'!G14 -> 0 | N19: ='Star Man'!G15 -> 0 | O19: ='Star Man'!G16 -> 0 | P19: ='Star Man'!G17 -> 0 | Q19: ='Star Man'!G18 -> 0 | R19: ='Star Man'!G19 -> 0 | S19: ='Star Man'!G20 -> 0 | T19: ='Star Man'!G21 -> 0 | U19: ='Star Man'!G22 -> 0 | V19: ='Star Man'!G23 -> 0 | W19: ='Star Man'!G24 -> 0 | X19: ='Star Man'!G25 -> 1 | Y19: ='Star Man'!G26 -> 0 | Z19: ='Star Man'!G27 -> 0 | AA19: ='Star Man'!G28 -> 0 | AB19: ='Star Man'!G29 -> 0 | AC19: ='Star Man'!G30 -> 0 | AD19: ='Star Man'!G31 -> 0 | AE19: ='Star Man'!G32 -> 0 | AF19: ='Star Man'!G33 -> 0 | AG19: ='Star Man'!G34 -> 0 | AH19: ='Star Man'!G35 -> 0 | AI19: ='Star Man'!G36 -> 0 | AJ19: ='Star Man'!G37 -> 0 | AK19: ='Star Man'!G38 -> 0 | AL19: ='Star Man'!G39 -> 0 | AM19: ='Star Man'!G40 -> 0 | AN19: ='Star Man'!G41 -> 0 | AO19: ='Star Man'!G42 -> 0
B20: #VALUE! | C20: Vas Total Star Man Reds | D20: =D19 -> 0 | E20: =D20+E19 -> 0 | F20: =E20+F19 -> 0 | G20: =F20+G19 -> 0 | H20: =G20+H19 -> 0 | I20: =H20+I19 -> 0 | J20: =I20+J19 -> 0 | K20: =J20+K19 -> 0 | L20: =K20+L19 -> 0 | ... AO20: =AN20+AO19 -> 1
C21: GAMEWEEK | D21: GW1 | E21: GW2 | F21: GW3 | G21: GW4 | H21: GW5 | I21: GW6 | J21: GW7 | K21: GW8 | L21: GW9 | M21: GW10 | N21: GW11 | O21: GW12 | P21: GW13 | Q21: GW14 | R21: GW15 | S21: GW16 | T21: GW17 | U21: GW18 | V21: GW19 | W21: GW20 | X21: GW21 | Y21: GW22 | Z21: GW23 | AA21: GW24 | AB21: GW25 | AC21: GW26 | AD21: GW27 | AE21: GW28 | AF21: GW29 | AG21: GW30 | AH21: GW31 | AI21: GW32 | AJ21: GW33 | AK21: GW34 | AL21: GW35 | AM21: GW36 | AN21: GW37 | AO21: GW38

Sheet Tom Detailed Stats
C2: GAMEWEEK | D2: GW1 | E2: GW2 | F2: GW3 | G2: GW4 | H2: GW5 | I2: GW6 | J2: GW7 | K2: GW8 | L2: GW9 | M2: GW10 | N2: GW11 | O2: GW12 | P2: GW13 | Q2: GW14 | R2: GW15 | S2: GW16 | T2: GW17 | U2: GW18 | V2: GW19 | W2: GW20 | X2: GW21 | Y2: GW22 | Z2: GW23 | AA2: GW24 | AB2: GW25 | AC2: GW26 | AD2: GW27 | AE2: GW28 | AF2: GW29 | AG2: GW30 | AH2: GW31 | AI2: GW32 | AJ2: GW33 | AK2: GW34 | AL2: GW35 | AM2: GW36 | AN2: GW37 | AO2: GW38
B3: #VALUE! | C3: Tom Ultimate Champion Pts | D3: =Predictions!AF407 -> 9 | E3: =Predictions!AF408 -> 5 | F3: =Predictions!AF409 -> 6 | G3: =Predictions!AF410 -> 9 | H3: =Predictions!AF411 -> 7 | I3: =Predictions!AF412 -> 4 | J3: =Predictions!AF413 -> 7 | K3: =Predictions!AF414 -> 16 | L3: =Predictions!AF415 -> 9 | M3: =Predictions!AF416 -> 7 | N3: =Predictions!AF417 -> 9 | O3: =Predictions!AF418 -> 5 | P3: =Predictions!AF419 -> 13 | Q3: =Predictions!AF420 -> 5 | R3: =Predictions!AF421 -> 10 | S3: =Predictions!AF422 -> 5 | T3: =Predictions!AF423 -> 5 | U3: =Predictions!AF424 -> 8 | V3: =Predictions!AF425 -> 4 | W3: =Predictions!AF426 -> 6 | X3: =Predictions!AF427 -> 1 | Y3: =Predictions!AF428 -> 1 | Z3: =Predictions!AF429 -> 3 | AA3: =Predictions!AF430 -> 12 | AB3: =Predictions!AF431 -> 3 | AC3: =Predictions!AF432 -> 4 | AD3: =Predictions!AF433 -> 7 | AE3: =Predictions!AF434 -> 7 | AF3: =Predictions!AF435 -> 2 | AG3: =Predictions!AF436 -> 4 | AH3: =Predictions!AF437 -> 3 | AI3: =Predictions!AF438 -> 9 | AJ3: =Predictions!AF439 -> 7 | AK3: =Predictions!AF440 -> 5 | AL3: =Predictions!AF441 -> 4 | AM3: =Predictions!AF442 -> #N/A | AN3: =Predictions!AF443 -> #N/A | AO3: =Predictions!AF444 -> #N/A
B4: #VALUE! | C4: Tom Ultimate Champion Total Pts | D4: =D3 -> 9 | E4: =D4+E3 -> 14 | F4: =E4+F3 -> 20 | G4: =F4+G3 -> 29 | H4: =G4+H3 -> 36 | I4: =H4+I3 -> 40 | J4: =I4+J3 -> 47 | K4: =J4+K3 -> 63 | L4: =K4+L3 -> 72 | ... AO4: =AN4+AO3 -> #N/A
B5: #VALUE! | C5: Tom Prediction League Pts | D5: =Predictions!AI407 -> 3 | E5: =Predictions!AI408 -> 4 | F5: =Predictions!AI409 -> 3 | G5: =Predictions!AI410 -> 6 | H5: =Predictions!AI411 -> 7 | I5: =Predictions!AI412 -> 5 | J5: =Predictions!AI413 -> 7 | K5: =Predictions!AI414 -> 13 | L5: =Predictions!AI415 -> 8 | M5: =Predictions!AI416 -> 7 | N5: =Predictions!AI417 -> 9 | O5: =Predictions!AI418 -> 5 | P5: =Predictions!AI419 -> 7 | Q5: =Predictions!AI420 -> 5 | R5: =Predictions!AI421 -> 10 | S5: =Predictions!AI422 -> 5 | T5: =Predictions!AI423 -> 6 | U5: =Predictions!AI424 -> 8 | V5: =Predictions!AI425 -> 4 | W5: =Predictions!AI426 -> 6 | X5: =Predictions!AI427 -> 1 | Y5: =Predictions!AI428 -> 1 | Z5: =Predictions!AI429 -> 3 | AA5: =Predictions!AI430 -> 12 | AB5: =Predictions!AI431 -> 3 | AC5: =Predictions!AI432 -> 4 | AD5: =Predictions!AI433 -> 7 | AE5: =Predictions!AI434 -> 7 | AF5: =Predictions!AI435 -> 2 | AG5: =Predictions!AI436 -> 4 | AH5: =Predictions!AI437 -> 3 | AI5: =Predictions!AI438 -> 8 | AJ5: =Predictions!AI439 -> 7 | AK5: =Predictions!AI440 -> 4 | AL5: =Predictions!AI441 -> 4 | AM5: =Predictions!AI442 -> 0 | AN5: =Predictions!AI443 -> 0 | AO5: =Predictions!AI444 -> 0
B6: #VALUE! | C6: Tom Prediction League Total Pts | D6: =D5 -> 3 | E6: =D6+E5 -> 7 | F6: =E6+F5 -> 10 | G6: =F6+G5 -> 16 | H6: =G6+H5 -> 23 | I6: =H6+I5 -> 28 | J6: =I6+J5 -> 35 | K6: =J6+K5 -> 48 | L6: =K6+L5 -> 56 | ... AO6: =AN6+AO5 -> 198
B7: #VALUE! | C7: Tom Star Man Pts | D7: ='Star Man'!P5 -> 6 | E7: ='Star Man'!P6 -> 1 | F7: ='Star Man'!P7 -> 3 | G7: ='Star Man'!P8 -> 3 | H7: ='Star Man'!P9 -> 0 | I7: ='Star Man'!P10 -> -1 | J7: ='Star Man'!P11 -> 0 | K7: ='Star Man'!P12 -> 3 | L7: ='Star Man'!P13 -> 1 | M7: ='Star Man'!P14 -> 0 | N7: ='Star Man'!P15 -> 0 | O7: ='Star Man'!P16 -> 0 | P7: ='Star Man'!P17 -> 6 | Q7: ='Star Man'!P18 -> 0 | R7: ='Star Man'!P19 -> 0 | S7: ='Star Man'!P20 -> 0 | T7: ='Star Man'!P21 -> -1 | U7: ='Star Man'!P22 -> 0 | V7: ='Star Man'!P23 -> 0 | W7: ='Star Man'!P24 -> 0 | X7: ='Star Man'!P25 -> 0 | Y7: ='Star Man'!P26 -> 0 | Z7: ='Star Man'!P27 -> 0 | AA7: ='Star Man'!P28 -> 0 | AB7: ='Star Man'!P29 -> 0 | AC7: ='Star Man'!P30 -> 0 | AD7: ='Star Man'!P31 -> 0 | AE7: ='Star Man'!P32 -> 0 | AF7: ='Star Man'!P33 -> 0 | AG7: ='Star Man'!P34 -> 0 | AH7: ='Star Man'!P35 -> 0 | AI7: ='Star Man'!P36 -> 1 | AJ7: ='Star Man'!P37 -> 0 | AK7: ='Star Man'!P38 -> 1 | AL7: ='Star Man'!P39 -> 0 | AM7: ='Star Man'!P40 -> 0 | AN7: ='Star Man'!P41 -> 0 | AO7: ='Star Man'!P42 -> 0
B8: #VALUE! | C8: Tom Star Man Total Pts | D8: =D7 -> 6 | E8: =D8+E7 -> 7 | F8: =E8+F7 -> 10 | G8: =F8+G7 -> 13 | H8: =G8+H7 -> 13 | I8: =H8+I7 -> 12 | J8: =I8+J7 -> 12 | K8: =J8+K7 -> 15 | L8: =K8+L7 -> 16 | ... AO8: =AN8+AO7 -> 23
B9: #VALUE! | C9: Tom Correct Scores | D9: =Predictions!V407/2 -> 0 | E9: =Predictions!V408/2 -> 0 | F9: =Predictions!V409/2 -> 0 | G9: =Predictions!V410/2 -> 0 | H9: =Predictions!V411/2 -> 2 | I9: =Predictions!V412/2 -> 1 | J9: =Predictions!V413/2 -> 0 | K9: =Predictions!V414/2 -> 3 | L9: =Predictions!V415/2 -> 2 | M9: =Predictions!V416/2 -> 1 | N9: =Predictions!V417/2 -> 1 | O9: =Predictions!V418/2 -> 0 | P9: =Predictions!V419/2 -> 1 | Q9: =Predictions!V420/2 -> 0 | R9: =Predictions!V421/2 -> 2 | S9: =Predictions!V422/2 -> 0 | T9: =Predictions!V423/2 -> 1 | U9: =Predictions!V424/2 -> 1 | V9: =Predictions!V425/2 -> 1 | W9: =Predictions!V426/2 -> 0 | X9: =Predictions!V427/2 -> 0 | Y9: =Predictions!V428/2 -> 0 | Z9: =Predictions!V429/2 -> 0 | AA9: =Predictions!V430/2 -> 2 | AB9: =Predictions!V431/2 -> 0 | AC9: =Predictions!V432/2 -> 1 | AD9: =Predictions!V433/2 -> 1 | AE9: =Predictions!V434/2 -> 1 | AF9: =Predictions!V435/2 -> 0 | AG9: =Predictions!V436/2 -> 0 | AH9: =Predictions!V437/2 -> 0 | AI9: =Predictions!V438/2 -> 2 | AJ9: =Predictions!V439/2 -> 1 | AK9: =Predictions!V440/2 -> 0 | AL9: =Predictions!V441/2 -> 0 | AM9: =Predictions!V442/2 -> 0 | AN9: =Predictions!V443/2 -> 0 | AO9: =Predictions!V444/2 -> 0
B10: #VALUE! | C10: Tom Total Correct Scores | D10: =D9 -> 0 | E10: =D10+E9 -> 0 | F10: =E10+F9 -> 0 | G10: =F10+G9 -> 0 | H10: =G10+H9 -> 2 | I10: =H10+I9 -> 3 | J10: =I10+J9 -> 3 | K10: =J10+K9 -> 6 | L10: =K10+L9 -> 8 | ... AO10: =AN10+AO9 -> 24
B11: #VALUE! | C11: Tom Correct Results | D11: =Predictions!T407 -> 3 | E11: =Predictions!T408 -> 4 | F11: =Predictions!T409 -> 3 | G11: =Predictions!T410 -> 6 | H11: =Predictions!T411 -> 3 | I11: =Predictions!T412 -> 3 | J11: =Predictions!T413 -> 7 | K11: =Predictions!T414 -> 7 | L11: =Predictions!T415 -> 4 | M11: =Predictions!T416 -> 5 | N11: =Predictions!T417 -> 7 | O11: =Predictions!T418 -> 5 | P11: =Predictions!T419 -> 5 | Q11: =Predictions!T420 -> 5 | R11: =Predictions!T421 -> 6 | S11: =Predictions!T422 -> 5 | T11: =Predictions!T423 -> 4 | U11: =Predictions!T424 -> 6 | V11: =Predictions!T425 -> 2 | W11: =Predictions!T426 -> 6 | X11: =Predictions!T427 -> 1 | Y11: =Predictions!T428 -> 1 | Z11: =Predictions!T429 -> 3 | AA11: =Predictions!T430 -> 8 | AB11: =Predictions!T431 -> 3 | AC11: =Predictions!T432 -> 2 | AD11: =Predictions!T433 -> 5 | AE11: =Predictions!T434 -> 5 | AF11: =Predictions!T435 -> 2 | AG11: =Predictions!T436 -> 4 | AH11: =Predictions!T437 -> 3 | AI11: =Predictions!T438 -> 4 | AJ11: =Predictions!T439 -> 5 | AK11: =Predictions!T440 -> 4 | AL11: =Predictions!T441 -> 4 | AM11: =Predictions!T442 -> 0 | AN11: =Predictions!T443 -> 0 | AO11: =Predictions!T444 -> 0
B12: #VALUE! | C12: Tom Total Correct Results | D12: =D11 -> 3 | E12: =D12+E11 -> 7 | F12: =E12+F11 -> 10 | G12: =F12+G11 -> 16 | H12: =G12+H11 -> 19 | I12: =H12+I11 -> 22 | J12: =I12+J11 -> 29 | K12: =J12+K11 -> 36 | L12: =K12+L11 -> 40 | ... AO12: =AN12+AO11 -> 150
B13: #VALUE! | C13: Tom Star Man Goals | D13: ='Star Man'!L5 -> 2 | E13: ='Star Man'!L6 -> 0 | F13: ='Star Man'!L7 -> 1 | G13: ='Star Man'!L8 -> 1 | H13: ='Star Man'!L9 -> 0 | I13: ='Star Man'!L10 -> 0 | J13: ='Star Man'!L11 -> 0 | K13: ='Star Man'!L12 -> 1 | L13: ='Star Man'!L13 -> 0 | M13: ='Star Man'!L14 -> 0 | N13: ='Star Man'!L15 -> 0 | O13: ='Star Man'!L16 -> 0 | P13: ='Star Man'!L17 -> 2 | Q13: ='Star Man'!L18 -> 0 | R13: ='Star Man'!L19 -> 0 | S13: ='Star Man'!L20 -> 0 | T13: ='Star Man'!L21 -> 0 | U13: ='Star Man'!L22 -> 0 | V13: ='Star Man'!L23 -> 0 | W13: ='Star Man'!L24 -> 0 | X13: ='Star Man'!L25 -> 0 | Y13: ='Star Man'!L26 -> 0 | Z13: ='Star Man'!L27 -> 0 | AA13: ='Star Man'!L28 -> 0 | AB13: ='Star Man'!L29 -> 0 | AC13: ='Star Man'!L30 -> 0 | AD13: ='Star Man'!L31 -> 0 | AE13: ='Star Man'!L32 -> 0 | AF13: ='Star Man'!L33 -> 0 | AG13: ='Star Man'!L34 -> 0 | AH13: ='Star Man'!L35 -> 0 | AI13: ='Star Man'!L36 -> 0 | AJ13: ='Star Man'!L37 -> 0 | AK13: ='Star Man'!L38 -> 0 | AL13: ='Star Man'!L39 -> 0 | AM13: ='Star Man'!L40 -> 0 | AN13: ='Star Man'!L41 -> 0 | AO13: ='Star Man'!L42 -> 0
B14: #VALUE! | C14: Tom Total Star Man Goals | D14: =D13 -> 2 | E14: =D14+E13 -> 2 | F14: =E14+F13 -> 3 | G14: =F14+G13 -> 4 | H14: =G14+H13 -> 4 | I14: =H14+I13 -> 4 | J14: =I14+J13 -> 4 | K14: =J14+K13 -> 5 | L14: =K14+L13 -> 5 | ... AO14: =AN14+AO13 -> 7
B15: #VALUE! | C15: Tom Star Man Assists | D15: ='Star Man'!M5 -> 0 | E15: ='Star Man'!M6 -> 1 | F15: ='Star Man'!M7 -> 0 | G15: ='Star Man'!M8 -> 0 | H15: ='Star Man'!M9 -> 0 | I15: ='Star Man'!M10 -> 0 | J15: ='Star Man'!M11 -> 0 | K15: ='Star Man'!M12 -> 0 | L15: ='Star Man'!M13 -> 1 | M15: ='Star Man'!M14 -> 0 | N15: ='Star Man'!M15 -> 0 | O15: ='Star Man'!M16 -> 0 | P15: ='Star Man'!M17 -> 0 | Q15: ='Star Man'!M18 -> 0 | R15: ='Star Man'!M19 -> 0 | S15: ='Star Man'!M20 -> 0 | T15: ='Star Man'!M21 -> 0 | U15: ='Star Man'!M22 -> 0 | V15: ='Star Man'!M23 -> 0 | W15: ='Star Man'!M24 -> 0 | X15: ='Star Man'!M25 -> 0 | Y15: ='Star Man'!M26 -> 0 | Z15: ='Star Man'!M27 -> 0 | AA15: ='Star Man'!M28 -> 0 | AB15: ='Star Man'!M29 -> 0 | AC15: ='Star Man'!M30 -> 0 | AD15: ='Star Man'!M31 -> 0 | AE15: ='Star Man'!M32 -> 0 | AF15: ='Star Man'!M33 -> 0 | AG15: ='Star Man'!M34 -> 0 | AH15: ='Star Man'!M35 -> 0 | AI15: ='Star Man'!M36 -> 1 | AJ15: ='Star Man'!M37 -> 0 | AK15: ='Star Man'!M38 -> 1 | AL15: ='Star Man'!M39 -> 0 | AM15: ='Star Man'!M40 -> 0 | AN15: ='Star Man'!M41 -> 0 | AO15: ='Star Man'!M42 -> 0
B16: #VALUE! | C16: Tom Total Star Man Assists | D16: =D15 -> 0 | E16: =D16+E15 -> 1 | F16: =E16+F15 -> 1 | G16: =F16+G15 -> 1 | H16: =G16+H15 -> 1 | I16: =H16+I15 -> 1 | J16: =I16+J15 -> 1 | K16: =J16+K15 -> 1 | L16: =K16+L15 -> 2 | ... AO16: =AN16+AO15 -> 4
B17: #VALUE! | C17: Tom Star Man Yellows | D17: ='Star Man'!N5 -> 0 | E17: ='Star Man'!N6 -> 0 | F17: ='Star Man'!N7 -> 0 | G17: ='Star Man'!N8 -> 0 | H17: ='Star Man'!N9 -> 0 | I17: ='Star Man'!N10 -> 1 | J17: ='Star Man'!N11 -> 0 | K17: ='Star Man'!N12 -> 0 | L17: ='Star Man'!N13 -> 0 | M17: ='Star Man'!N14 -> 0 | N17: ='Star Man'!N15 -> 0 | O17: ='Star Man'!N16 -> 0 | P17: ='Star Man'!N17 -> 0 | Q17: ='Star Man'!N18 -> 0 | R17: ='Star Man'!N19 -> 0 | S17: ='Star Man'!N20 -> 0 | T17: ='Star Man'!N21 -> 1 | U17: ='Star Man'!N22 -> 0 | V17: ='Star Man'!N23 -> 0 | W17: ='Star Man'!N24 -> 0 | X17: ='Star Man'!N25 -> 0 | Y17: ='Star Man'!N26 -> 0 | Z17: ='Star Man'!N27 -> 0 | AA17: ='Star Man'!N28 -> 0 | AB17: ='Star Man'!N29 -> 0 | AC17: ='Star Man'!N30 -> 0 | AD17: ='Star Man'!N31 -> 0 | AE17: ='Star Man'!N32 -> 0 | AF17: ='Star Man'!N33 -> 0 | AG17: ='Star Man'!N34 -> 0 | AH17: ='Star Man'!N35 -> 0 | AI17: ='Star Man'!N36 -> 0 | AJ17: ='Star Man'!N37 -> 0 | AK17: ='Star Man'!N38 -> 0 | AL17: ='Star Man'!N39 -> 0 | AM17: ='Star Man'!N40 -> 0 | AN17: ='Star Man'!N41 -> 0 | AO17: ='Star Man'!N42 -> 0
B18: #VALUE! | C18: Tom Total Star Man Yellows | D18: =D17 -> 0 | E18: =D18+E17 -> 0 | F18: =E18+F17 -> 0 | G18: =F18+G17 -> 0 | H18: =G18+H17 -> 0 | I18: =H18+I17 -> 1 | J18: =I18+J17 -> 1 | K18: =J18+K17 -> 1 | L18: =K18+L17 -> 1 | ... AO18: =AN18+AO17 -> 2
B19: #VALUE! | C19: Tom Star Man Reds | D19: ='Star Man'!O5 -> 0 | E19: ='Star Man'!O6 -> 0 | F19: ='Star Man'!O7 -> 0 | G19: ='Star Man'!O8 -> 0 | H19: ='Star Man'!O9 -> 0 | I19: ='Star Man'!O10 -> 0 | J19: ='Star Man'!O11 -> 0 | K19: ='Star Man'!O12 -> 0 | L19: ='Star Man'!O13 -> 0 | M19: ='Star Man'!O14 -> 0 | N19: ='Star Man'!O15 -> 0 | O19: ='Star Man'!O16 -> 0 | P19: ='Star Man'!O17 -> 0 | Q19: ='Star Man'!O18 -> 0 | R19: ='Star Man'!O19 -> 0 | S19: ='Star Man'!O20 -> 0 | T19: ='Star Man'!O21 -> 0 | U19: ='Star Man'!O22 -> 0 | V19: ='Star Man'!O23 -> 0 | W19: ='Star Man'!O24 -> 0 | X19: ='Star Man'!O25 -> 0 | Y19: ='Star Man'!O26 -> 0 | Z19: ='Star Man'!O27 -> 0 | AA19: ='Star Man'!O28 -> 0 | AB19: ='Star Man'!O29 -> 0 | AC19: ='Star Man'!O30 -> 0 | AD19: ='Star Man'!O31 -> 0 | AE19: ='Star Man'!O32 -> 0 | AF19: ='Star Man'!O33 -> 0 | AG19: ='Star Man'!O34 -> 0 | AH19: ='Star Man'!O35 -> 0 | AI19: ='Star Man'!O36 -> 0 | AJ19: ='Star Man'!O37 -> 0 | AK19: ='Star Man'!O38 -> 0 | AL19: ='Star Man'!O39 -> 0 | AM19: ='Star Man'!O40 -> 0 | AN19: ='Star Man'!O41 -> 0 | AO19: ='Star Man'!O42 -> 0
B20: #VALUE! | C20: Tom Total Star Man Reds | D20: =D19 -> 0 | E20: =D20+E19 -> 0 | F20: =E20+F19 -> 0 | G20: =F20+G19 -> 0 | H20: =G20+H19 -> 0 | I20: =H20+I19 -> 0 | J20: =I20+J19 -> 0 | K20: =J20+K19 -> 0 | L20: =K20+L19 -> 0 | ... AO20: =AN20+AO19 -> 0
C21: GAMEWEEK | D21: GW1 | E21: GW2 | F21: GW3 | G21: GW4 | H21: GW5 | I21: GW6 | J21: GW7 | K21: GW8 | L21: GW9 | M21: GW10 | N21: GW11 | O21: GW12 | P21: GW13 | Q21: GW14 | R21: GW15 | S21: GW16 | T21: GW17 | U21: GW18 | V21: GW19 | W21: GW20 | X21: GW21 | Y21: GW22 | Z21: GW23 | AA21: GW24 | AB21: GW25 | AC21: GW26 | AD21: GW27 | AE21: GW28 | AF21: GW29 | AG21: GW30 | AH21: GW31 | AI21: GW32 | AJ21: GW33 | AK21: GW34 | AL21: GW35 | AM21: GW36 | AN21: GW37 | AO21: GW38
